heart_rate,motion,GSR,battery_info,time,fix_index
67.1,9.7372,0.006103888,100,2020/8/28 17:47,
68,9.7442,0.006103888,97.9,2020/8/28 17:47,
64.7,9.7618,0.006103888,100,2020/8/28 17:47,
60,9.7524,0.006103888,99.2,2020/8/28 17:47,
56.6,9.7416,0.006103888,100,2020/8/28 17:47,
55.8,9.7388,0.006103888,99.7,2020/8/28 17:47,
57.4,9.7405,0.006103888,100,2020/8/28 17:47,
60,9.7209,0.006103888,99.9,2020/8/28 17:47,
62.1,9.7434,0.006103888,100,2020/8/28 17:47,
62.6,9.7371,0.006103888,100,2020/8/28 17:47,
61.7,9.7411,0.006103888,100,2020/8/28 17:47,
60,9.7294,0.006103888,100,2020/8/28 17:47,
58.6,9.7274,0.006103888,100,2020/8/28 17:47,
58.2,12.8054,0.006103888,100,2020/8/28 17:47,
58.9,12.9847,0.006103888,100,2020/8/28 17:48,
60,9.9658,0.006103888,100,2020/8/28 17:48,
61,10.0386,0.38235914,100,2020/8/28 17:48,
61.3,10.1049,4.565207968,100,2020/8/28 17:48,
60.9,10.2779,4.060095345,100,2020/8/28 17:48,
60,10.1263,3.69071797,100,2020/8/28 17:48,
59.2,9.3918,3.382959611,100,2020/8/28 17:48,
58.9,9.9759,3.092153341,100,2020/8/28 17:48,
59.3,10.1132,2.900232994,100,2020/8/28 17:48,
60,10.2061,2.765106973,100,2020/8/28 17:48,
60.8,9.8107,2.619858707,100,2020/8/28 17:48,
61.1,9.9407,2.566735113,100,2020/8/28 17:48,
60.8,10.0724,2.504382827,100,2020/8/28 17:48,
60,10.0853,2.424830404,100,2020/8/28 17:48,
59.1,10.0779,2.400960523,100,2020/8/28 17:48,
58.5,9.9898,2.375861384,100,2020/8/28 17:48,
58.7,9.9931,2.345490826,100,2020/8/28 17:48,
60,9.8369,2.328831053,100,2020/8/28 17:48,
62,9.9858,2.30149646,100,2020/8/28 17:48,
64.1,9.9955,2.273761858,100,2020/8/28 17:48,
65.5,10.1869,2.259376412,100,2020/8/28 17:48,
65.7,9.9773,2.23914017,100,2020/8/28 17:48,
64.2,10.0661,2.201673272,100,2020/8/28 17:48,
61.3,10.0039,2.1898616,100,2020/8/28 17:48,
57.6,10.0553,2.192021043,100,2020/8/28 17:48,
53.7,9.9536,2.312673451,100,2020/8/28 17:48,
50,10.0008,2.318303283,100,2020/8/28 17:48,
46.7,9.998,2.308402585,100,2020/8/28 17:48,
44,9.9101,2.297266374,100,2020/8/28 17:48,
41.7,9.9565,2.286759662,100,2020/8/28 17:48,
41.7,9.9584,2.285714286,100,2020/8/28 17:48,
41.7,9.9644,2.282062985,100,2020/8/28 17:48,
41.7,9.9599,2.271952773,100,2020/8/28 17:48,
41.7,9.9626,2.268602541,100,2020/8/28 17:48,
45.2,9.9633,2.26295542,100,2020/8/28 17:48,
49.6,9.9694,2.249466463,100,2020/8/28 17:48,
53.7,9.9403,2.249212776,100,2020/8/28 17:48,
56.7,9.9776,2.241649854,100,2020/8/28 17:48,
58,9.9598,2.235386414,100,2020/8/28 17:48,
58,10.0219,2.233638597,100,2020/8/28 17:48,
57.3,9.9208,2.227667743,100,2020/8/28 17:48,
56.7,9.9581,2.218278616,100,2020/8/28 17:48,
56.3,9.9671,2.2172949,100,2020/8/28 17:48,
56.4,9.9497,2.20896852,100,2020/8/28 17:48,
56.7,10.0008,2.197802304,100,2020/8/28 17:48,
56.7,9.9855,2.193463584,100,2020/8/28 17:48,
56.2,10.2419,2.186270223,100,2020/8/28 17:48,
55.8,10.0023,2.180074123,100,2020/8/28 17:48,
55.8,9.9809,2.169197397,100,2020/8/28 17:48,
56.7,10.0415,2.161694769,100,2020/8/28 17:48,
58,9.9763,2.147997216,100,2020/8/28 17:48,
59.2,10.0988,2.132650885,100,2020/8/28 17:48,
59.7,9.9848,2.125398512,100,2020/8/28 17:48,
58.6,9.973,2.109704641,100,2020/8/28 17:48,
55.9,9.9934,2.08855472,100,2020/8/28 17:48,
52.4,9.9876,2.084636231,100,2020/8/28 17:48,
48.9,10.051,2.078137988,100,2020/8/28 17:48,
46.6,10.0236,2.063345758,100,2020/8/28 17:48,
45.6,9.9795,2.064409667,100,2020/8/28 17:48,
45.8,9.9627,2.058884085,100,2020/8/28 17:48,
46.4,9.9692,2.045408059,100,2020/8/28 17:49,
46.6,9.9659,2.045408059,100,2020/8/28 17:49,
46.1,9.9833,2.044571662,100,2020/8/28 17:49,
45.4,9.9747,2.038113237,100,2020/8/28 17:49,
45.3,9.991,2.045408059,100,2020/8/28 17:49,
46.6,9.9775,2.044571662,100,2020/8/28 17:49,
49.5,9.9704,2.038320424,100,2020/8/28 17:49,
53.7,9.9859,2.041232905,100,2020/8/28 17:49,
58.1,9.9788,2.039983765,100,2020/8/28 17:49,
61.6,9.9827,2.036245164,100,2020/8/28 17:49,
63.4,9.9956,2.032107295,100,2020/8/28 17:49,
63.5,9.9787,2.032107295,100,2020/8/28 17:49,
62.7,9.9806,2.027163998,100,2020/8/28 17:49,
61.6,9.9841,2.022244692,100,2020/8/28 17:49,
61,9.9819,2.021018593,100,2020/8/28 17:49,
61,9.9703,2.021018593,100,2020/8/28 17:49,
61.3,9.9898,2.014707548,100,2020/8/28 17:49,
61.6,9.9823,2.017349203,100,2020/8/28 17:49,
61.4,9.9779,2.017349203,100,2020/8/28 17:49,
60.9,9.9827,2.014098691,100,2020/8/28 17:49,
60.8,9.9802,2.014098691,100,2020/8/28 17:49,
61.6,9.9759,2.014098691,100,2020/8/28 17:49,
63.8,10.0055,2.010050251,100,2020/8/28 17:49,
67.4,10.0241,2.009242516,100,2020/8/28 17:49,
71.9,9.987,2.008637322,100,2020/8/28 17:49,
76.6,9.9747,2.002603565,100,2020/8/28 17:49,
80.8,9.9704,2.005213555,100,2020/8/28 17:49,
84.1,9.9971,2.004008016,100,2020/8/28 17:49,
86.7,9.9774,1.996806386,100,2020/8/28 17:49,
88.7,9.9766,1.998401279,100,2020/8/28 17:49,
90.2,9.9927,1.996805191,100,2020/8/28 17:49,
91.6,9.9888,1.994415636,100,2020/8/28 17:49,
92.8,9.9878,1.993223042,100,2020/8/28 17:49,
93.8,9.9873,1.99123855,100,2020/8/28 17:49,
94.5,9.9834,1.99123855,100,2020/8/28 17:49,
95,9.9698,1.987874146,100,2020/8/28 17:49,
95.8,9.9898,1.988466892,100,2020/8/28 17:49,
96.8,9.9958,1.988862449,100,2020/8/28 17:49,
98.2,9.9875,1.981964302,100,2020/8/28 17:49,
99.7,9.9641,1.984520738,100,2020/8/28 17:49,
101.2,9.9727,1.983930341,100,2020/8/28 17:49,
102.3,9.9794,1.974333662,100,2020/8/28 17:49,
103,9.9826,1.97745699,100,2020/8/28 17:49,
103.3,9.9773,1.975503753,100,2020/8/28 17:49,
103.6,9.976,1.974333662,100,2020/8/28 17:49,
104.1,9.9819,1.97745699,100,2020/8/28 17:49,
104.7,9.978,1.974333662,100,2020/8/28 17:49,
105.4,9.9808,1.968698183,100,2020/8/28 17:49,
105.8,9.9754,1.968503937,100,2020/8/28 17:49,
105.5,9.9863,1.965795164,100,2020/8/28 17:49,
104.3,9.9836,1.963286712,100,2020/8/28 17:49,
102.4,9.9757,1.961938395,100,2020/8/28 17:49,
97.7,9.983,1.955416578,100,2020/8/28 17:49,
95.6,9.9711,1.953888238,100,2020/8/28 17:49,
94.3,9.9656,1.953125,100,2020/8/28 17:49,
93.7,9.984,1.947419669,100,2020/8/28 17:49,
93.8,9.9779,1.944390434,100,2020/8/28 17:49,
94.1,9.9688,1.944390434,100,2020/8/28 17:49,
94.6,9.9757,1.939487975,100,2020/8/28 17:49,
95.3,9.9788,1.931993818,100,2020/8/28 17:49,
96.2,9.9785,1.929756851,100,2020/8/28 17:50,
97.2,9.9903,1.923076923,100,2020/8/28 17:50,
98.8,9.9517,1.911680367,100,2020/8/28 17:50,
101,10.0154,1.911680367,100,2020/8/28 17:50,
103.5,9.9886,1.909854851,100,2020/8/28 17:50,
106,9.9832,1.903131081,100,2020/8/28 17:50,
108.1,9.976,1.904036558,100,2020/8/28 17:50,
109.6,9.9766,1.906396114,100,2020/8/28 17:50,
110.2,9.9871,1.899335233,100,2020/8/28 17:50,
109.8,9.9862,1.901502187,100,2020/8/28 17:50,
108.7,9.9687,1.897533207,100,2020/8/28 17:50,
107.1,9.9982,1.895734597,100,2020/8/28 17:50,
105.5,9.9714,1.896453632,100,2020/8/28 17:50,
103.9,9.9747,1.896993419,100,2020/8/28 17:50,
102.6,9.9803,1.891789633,100,2020/8/28 17:50,
101.6,9.9934,1.896453632,100,2020/8/28 17:50,
100.8,9.9823,1.896453632,100,2020/8/28 17:50,
100,9.99,1.893939394,100,2020/8/28 17:50,
99.2,9.974,1.892863903,100,2020/8/28 17:50,
98.7,9.9706,1.895195832,100,2020/8/28 17:50,
98.5,9.9838,1.890359236,100,2020/8/28 17:50,
98.6,9.9938,1.886436521,100,2020/8/28 17:50,
99.1,9.9839,1.888930865,100,2020/8/28 17:50,
99.9,9.9798,1.882884646,100,2020/8/28 17:50,
100.8,9.9984,1.875117195,100,2020/8/28 17:50,
101.2,9.9876,1.877405575,100,2020/8/28 17:50,
101,9.9807,1.873711889,100,2020/8/28 17:50,
100.1,9.9718,1.868984354,100,2020/8/28 17:50,
98.6,9.9843,1.868460389,100,2020/8/28 17:50,
96.9,9.9718,1.865671642,100,2020/8/28 17:50,
95.7,9.9913,1.862545269,100,2020/8/28 17:50,
95.4,9.9766,1.865671642,100,2020/8/28 17:50,
96.2,9.9824,1.865671642,100,2020/8/28 17:50,
97.7,9.9829,1.860119048,100,2020/8/28 17:50,
99.8,9.981,1.862891207,100,2020/8/28 17:50,
101.8,9.9858,1.860119048,100,2020/8/28 17:50,
103.2,9.9943,1.857010278,100,2020/8/28 17:50,
103.7,9.9766,1.859081614,100,2020/8/28 17:50,
103.6,9.9798,1.858390634,100,2020/8/28 17:50,
103.3,9.9987,1.856665429,100,2020/8/28 17:50,
103.2,10.0106,1.854599407,100,2020/8/28 17:50,
103.4,9.964,1.855631843,100,2020/8/28 17:50,
104.1,9.9839,1.851851852,100,2020/8/28 17:50,
105,9.9934,1.847233783,100,2020/8/28 17:50,
105.5,9.9836,1.84808723,100,2020/8/28 17:50,
105.2,9.9874,1.845358922,100,2020/8/28 17:50,
104,9.9852,1.840603967,100,2020/8/28 17:50,
102.1,9.9836,1.841620626,100,2020/8/28 17:50,
99.7,9.9723,1.843657817,100,2020/8/28 17:50,
97.2,9.9847,1.837728707,100,2020/8/28 17:50,
95.2,9.9852,1.840434483,100,2020/8/28 17:50,
93.9,9.9847,1.838235294,100,2020/8/28 17:50,
93.4,9.9866,1.832173019,100,2020/8/28 17:50,
93.2,9.988,1.829826167,100,2020/8/28 17:50,
93.5,9.9924,1.826150475,100,2020/8/28 17:50,
94,9.9856,1.816860525,100,2020/8/28 17:50,
94.6,9.9795,1.8178513,100,2020/8/28 17:50,
95,9.999,1.816200509,100,2020/8/28 17:50,
95.3,10.0082,1.813072385,100,2020/8/28 17:50,
95.6,9.9949,1.817190623,100,2020/8/28 17:50,
95.9,9.9859,1.816200509,100,2020/8/28 17:51,
96.1,9.9963,1.815211472,100,2020/8/28 17:51,
96.3,9.9978,1.814223512,100,2020/8/28 17:51,
96.6,9.9878,1.814223512,100,2020/8/28 17:51,
96.9,9.9751,1.8125793,100,2020/8/28 17:51,
96.9,9.9851,1.813401406,100,2020/8/28 17:51,
96.6,9.976,1.815211472,100,2020/8/28 17:51,
96,9.9841,1.816200509,100,2020/8/28 17:51,
95.2,9.9806,1.810938066,100,2020/8/28 17:51,
93.9,9.9822,1.814223512,100,2020/8/28 17:51,
92.8,9.9724,1.814223512,100,2020/8/28 17:51,
91.9,9.9906,1.808972504,100,2020/8/28 17:51,
91.5,9.9779,1.811594203,100,2020/8/28 17:51,
91.2,9.9843,1.810610176,100,2020/8/28 17:51,
91.3,9.9636,1.806358382,100,2020/8/28 17:51,
91.4,9.9954,1.808972504,100,2020/8/28 17:51,
91.5,9.98,1.808972504,100,2020/8/28 17:51,
91.2,9.9968,1.808972504,100,2020/8/28 17:51,
91.1,9.9855,1.810610176,100,2020/8/28 17:51,
91.1,9.9848,1.810610176,100,2020/8/28 17:51,
91.5,9.9946,1.806032206,100,2020/8/28 17:51,
92,9.9868,1.811594203,100,2020/8/28 17:51,
92.8,9.9912,1.810610176,100,2020/8/28 17:51,
93.5,9.9666,1.810610176,100,2020/8/28 17:51,
93.8,9.9901,1.811102189,100,2020/8/28 17:51,
93.3,9.9956,1.810610176,100,2020/8/28 17:51,
92.2,9.9836,1.809954751,100,2020/8/28 17:51,
90.8,9.9859,1.810610176,100,2020/8/28 17:51,
89.3,9.9678,1.811594203,100,2020/8/28 17:51,
88.1,9.9882,1.812086752,100,2020/8/28 17:51,
87.6,9.9851,1.809463627,100,2020/8/28 17:51,
87.9,9.9871,1.814223512,100,2020/8/28 17:51,
89.1,9.9851,1.816201048,100,2020/8/28 17:51,
90.8,9.9805,1.818016559,100,2020/8/28 17:51,
92.7,9.9856,1.825150575,100,2020/8/28 17:51,
94.7,9.9926,1.823486506,100,2020/8/28 17:51,
96.2,9.995,1.819836215,100,2020/8/28 17:51,
96.7,9.9665,1.818843216,100,2020/8/28 17:51,
96.2,9.983,1.8178513,100,2020/8/28 17:51,
94.9,9.9778,1.811267026,100,2020/8/28 17:51,
92.8,9.9972,1.815211472,100,2020/8/28 17:51,
90.4,9.9959,1.814223512,100,2020/8/28 17:51,
88.5,9.969,1.806684792,100,2020/8/28 17:51,
87.4,9.9761,1.809954751,100,2020/8/28 17:51,
87.4,9.9854,1.807011203,100,2020/8/28 17:51,
88.2,9.9776,1.80342651,100,2020/8/28 17:51,
89.5,9.9839,1.8005042,100,2020/8/28 17:51,
90.7,9.9891,1.797268152,100,2020/8/28 17:51,
91.5,9.9836,1.792757261,100,2020/8/28 17:51,
91.5,9.984,1.786671431,100,2020/8/28 17:51,
91.2,9.9884,1.783644112,100,2020/8/28 17:51,
91.1,9.9831,1.776830135,100,2020/8/28 17:51,
91.5,9.999,1.773364072,100,2020/8/28 17:51,
92.4,9.9857,1.773364072,100,2020/8/28 17:51,
93.7,9.9764,1.773678665,100,2020/8/28 17:51,
95.2,9.9894,1.769911504,100,2020/8/28 17:51,
96.2,9.9781,1.771479185,100,2020/8/28 17:51,
96.3,9.9855,1.768972227,100,2020/8/28 17:51,
94.7,9.9717,1.768033946,100,2020/8/28 17:51,
93.8,9.9782,1.768033946,100,2020/8/28 17:51,
93.1,9.9864,1.765225066,100,2020/8/28 17:52,
93,9.9997,1.767565303,100,2020/8/28 17:52,
93.3,9.9764,1.767097157,100,2020/8/28 17:52,
93.8,9.9836,1.763202098,100,2020/8/28 17:52,
94,9.9789,1.766160863,100,2020/8/28 17:52,
94,9.986,1.76709666,100,2020/8/28 17:52,
93.9,9.9812,1.762735766,100,2020/8/28 17:52,
93.8,9.9924,1.764290755,100,2020/8/28 17:52,
93.7,9.9926,1.764290755,100,2020/8/28 17:52,
93.7,9.9706,1.764290755,100,2020/8/28 17:52,
93.8,9.99,1.761804087,100,2020/8/28 17:52,
93.8,9.9917,1.762114592,100,2020/8/28 17:52,
93.4,9.968,1.761804087,100,2020/8/28 17:52,
92.8,9.9876,1.759324419,100,2020/8/28 17:52,
92.1,9.991,1.761804087,100,2020/8/28 17:52,
91.5,9.9855,1.76133874,100,2020/8/28 17:52,
90.9,10.0011,1.756543123,100,2020/8/28 17:52,
90.8,9.9704,1.761804087,100,2020/8/28 17:52,
91.1,9.9868,1.763357433,100,2020/8/28 17:52,
91.8,9.9996,1.760253477,100,2020/8/28 17:52,
92.6,9.9697,1.764290755,100,2020/8/28 17:52,
93.3,9.981,1.76709666,100,2020/8/28 17:52,
93.7,9.989,1.76366843,100,2020/8/28 17:52,
93.8,9.9958,1.768033946,100,2020/8/28 17:52,
93.2,9.9865,1.768033946,100,2020/8/28 17:52,
92.1,9.9747,1.766160367,100,2020/8/28 17:52,
90.7,9.9841,1.768972227,100,2020/8/28 17:52,
89.1,9.9797,1.769911504,100,2020/8/28 17:52,
87.4,9.9869,1.764602082,100,2020/8/28 17:52,
85.9,9.9931,1.768503087,100,2020/8/28 17:52,
84.9,9.9853,1.768972227,100,2020/8/28 17:52,
84.4,9.9852,1.767565303,100,2020/8/28 17:52,
84.4,9.9888,1.768033946,100,2020/8/28 17:52,
84.9,9.9837,1.768972227,100,2020/8/28 17:52,
85.8,9.9858,1.766160367,100,2020/8/28 17:52,
86.8,9.9818,1.766160367,100,2020/8/28 17:52,
87.4,9.9796,1.768972227,100,2020/8/28 17:52,
87.6,9.9812,1.769911504,100,2020/8/28 17:52,
87.4,9.9692,1.763202098,100,2020/8/28 17:52,
86.8,9.9655,1.768033946,100,2020/8/28 17:52,
86,9.9781,1.770538244,100,2020/8/28 17:52,
85.6,9.9843,1.765692717,100,2020/8/28 17:52,
85.8,9.9886,1.770538244,100,2020/8/28 17:52,
86.8,9.9837,1.769441866,100,2020/8/28 17:52,
87.9,9.9858,1.765692717,100,2020/8/28 17:52,
88.9,9.9873,1.769911504,100,2020/8/28 17:52,
89.4,9.9836,1.769911504,100,2020/8/28 17:52,
89.1,9.9871,1.76709666,100,2020/8/28 17:52,
88.2,9.9754,1.771479185,100,2020/8/28 17:52,
87.5,9.9812,1.771950156,100,2020/8/28 17:52,
87.7,9.9934,1.770695345,100,2020/8/28 17:52,
89.1,9.9771,1.773678665,100,2020/8/28 17:52,
91.6,9.988,1.773678665,100,2020/8/28 17:52,
94.6,9.9868,1.771950156,100,2020/8/28 17:52,
97.2,10.005,1.773678665,100,2020/8/28 17:52,
98.5,9.9971,1.77541069,100,2020/8/28 17:52,
97.9,9.9803,1.77683064,100,2020/8/28 17:52,
95.6,9.9748,1.776356819,100,2020/8/28 17:52,
92.5,10.0011,1.778410101,100,2020/8/28 17:52,
89.4,9.9773,1.778410101,100,2020/8/28 17:52,
87,9.9855,1.775883502,100,2020/8/28 17:53,
85.8,10.0003,1.777303956,100,2020/8/28 17:53,
85.9,9.9843,1.779359431,100,2020/8/28 17:53,
86.8,9.9905,1.776356819,100,2020/8/28 17:53,
87.7,9.99,1.779359431,100,2020/8/28 17:53,
88.4,9.9775,1.779359431,100,2020/8/28 17:53,
88.8,9.9851,1.776356819,100,2020/8/28 17:53,
89.1,9.9883,1.779359431,100,2020/8/28 17:53,
89.3,9.9976,1.779359431,100,2020/8/28 17:53,
89.8,9.9978,1.778410101,100,2020/8/28 17:53,
90.6,9.9909,1.782213509,100,2020/8/28 17:53,
91.5,9.986,1.780785453,100,2020/8/28 17:53,
92,9.9765,1.775883502,100,2020/8/28 17:53,
92.1,9.9865,1.780310282,100,2020/8/28 17:53,
91.9,9.98,1.779359431,100,2020/8/28 17:53,
91.5,9.992,1.776830135,100,2020/8/28 17:53,
91.2,10.0054,1.778410101,100,2020/8/28 17:53,
91.6,10.0093,1.778410101,100,2020/8/28 17:53,
93,9.9578,1.777777778,100,2020/8/28 17:53,
95.1,9.9878,1.775883502,100,2020/8/28 17:53,
97.2,9.9789,1.775883502,100,2020/8/28 17:53,
98.9,9.9708,1.775883502,100,2020/8/28 17:53,
99.4,9.9899,1.772107091,100,2020/8/28 17:53,
98.5,9.979,1.774937877,100,2020/8/28 17:53,
95.9,9.9692,1.774937877,100,2020/8/28 17:53,
92.5,9.9792,1.771165482,100,2020/8/28 17:53,
89.2,9.9799,1.772892599,100,2020/8/28 17:53,
86.8,9.984,1.773993259,100,2020/8/28 17:53,
85.6,10.0012,1.767565303,100,2020/8/28 17:53,
86,10.0012,1.773364072,100,2020/8/28 17:53,
87.3,9.9752,1.773364072,100,2020/8/28 17:53,
89.1,9.9814,1.770381642,100,2020/8/28 17:53,
90.5,9.9772,1.774465568,100,2020/8/28 17:53,
91.3,9.9984,1.773993259,100,2020/8/28 17:53,
91.6,9.9863,1.770381642,100,2020/8/28 17:53,
91.5,9.9843,1.771479185,100,2020/8/28 17:53,
91.1,9.9961,1.771479185,100,2020/8/28 17:53,
91,9.9846,1.766628514,100,2020/8/28 17:53,
91.2,9.9815,1.768033946,100,2020/8/28 17:53,
91.5,9.9862,1.76133874,100,2020/8/28 17:53,
91.6,9.9889,1.759324419,100,2020/8/28 17:53,
91.6,9.992,1.760563435,100,2020/8/28 17:53,
91.5,9.9853,1.761804087,100,2020/8/28 17:53,
91.5,9.9714,1.763357433,100,2020/8/28 17:53,
91.3,9.9865,1.76133874,100,2020/8/28 17:53,
91.3,9.9743,1.763357433,100,2020/8/28 17:53,
91.4,9.9861,1.763357433,100,2020/8/28 17:53,
91.5,9.978,1.759788948,100,2020/8/28 17:53,
91.2,9.9895,1.761804087,100,2020/8/28 17:53,
90.7,9.9912,1.762269927,100,2020/8/28 17:53,
90,9.9905,1.758860381,100,2020/8/28 17:53,
89.1,9.9851,1.760873393,100,2020/8/28 17:53,
88.1,9.9893,1.758396343,100,2020/8/28 17:53,
87.3,9.9901,1.756234687,100,2020/8/28 17:53,
86.9,9.99,1.758396343,100,2020/8/28 17:53,
86.8,9.9878,1.759324419,100,2020/8/28 17:53,
86.9,9.988,1.755617978,100,2020/8/28 17:53,
87.5,9.9822,1.760873393,100,2020/8/28 17:53,
88.3,9.9821,1.761804087,100,2020/8/28 17:53,
89.2,9.985,1.759324419,100,2020/8/28 17:53,
90,9.97,1.762735766,100,2020/8/28 17:54,
90.7,9.9754,1.764290755,100,2020/8/28 17:54,
91.2,9.976,1.762269927,100,2020/8/28 17:54,
91.5,9.9774,1.764290755,100,2020/8/28 17:54,
91.3,9.972,1.764757911,100,2020/8/28 17:54,
91.3,9.9906,1.76366843,100,2020/8/28 17:54,
91.5,9.9925,1.766628514,100,2020/8/28 17:54,
91.7,9.9674,1.768972227,100,2020/8/28 17:54,
92.3,9.9775,1.76366843,100,2020/8/28 17:54,
93,9.9827,1.768503087,100,2020/8/28 17:54,
93.8,9.9699,1.768033946,100,2020/8/28 17:54,
94.3,9.978,1.764135256,100,2020/8/28 17:54,
94.5,9.9822,1.768033946,100,2020/8/28 17:54,
94.3,9.9767,1.768033946,100,2020/8/28 17:54,
93.8,9.9895,1.764913574,100,2020/8/28 17:54,
92.9,9.9925,1.76709666,100,2020/8/28 17:54,
92.1,9.9944,1.768033946,100,2020/8/28 17:54,
91.6,9.9971,1.765225066,100,2020/8/28 17:54,
91.5,9.977,1.766160367,100,2020/8/28 17:54,
91.4,9.9918,1.76709666,100,2020/8/28 17:54,
91.6,9.9853,1.763513261,100,2020/8/28 17:54,
91.6,9.9897,1.764290755,100,2020/8/28 17:54,
91.5,9.9906,1.764290755,100,2020/8/28 17:54,
91.1,9.9805,1.762269927,100,2020/8/28 17:54,
90.8,9.9807,1.762735766,100,2020/8/28 17:54,
90.9,9.9804,1.762735766,100,2020/8/28 17:54,
91.5,9.9858,1.761804087,100,2020/8/28 17:54,
92.3,10.001,1.760253477,100,2020/8/28 17:54,
93.1,9.9841,1.761804087,100,2020/8/28 17:54,
93.7,9.9755,1.762269927,100,2020/8/28 17:54,
93.8,9.9843,1.758860381,100,2020/8/28 17:54,
93.2,9.9776,1.761804087,100,2020/8/28 17:54,
92.3,9.9742,1.760873393,100,2020/8/28 17:54,
91.6,9.9725,1.758860381,100,2020/8/28 17:54,
91.5,9.9905,1.760873393,100,2020/8/28 17:54,
91.8,9.9707,1.760408538,100,2020/8/28 17:54,
92.6,9.9859,1.753616956,100,2020/8/28 17:54,
93.4,9.9792,1.757469244,100,2020/8/28 17:54,
93.8,9.9771,1.758396343,100,2020/8/28 17:54,
93.5,9.9831,1.753616956,100,2020/8/28 17:54,
92.7,9.9901,1.756543123,100,2020/8/28 17:54,
91.9,9.9931,1.755618465,100,2020/8/28 17:54,
91.5,9.9854,1.748557494,100,2020/8/28 17:54,
91.5,9.9803,1.751313485,100,2020/8/28 17:54,
92.2,9.9743,1.750393839,100,2020/8/28 17:54,
93.4,9.9956,1.745200698,100,2020/8/28 17:54,
94.7,9.9926,1.744287459,100,2020/8/28 17:54,
95.8,9.9907,1.743831316,100,2020/8/28 17:54,
96.7,9.995,1.740947075,100,2020/8/28 17:54,
97.6,9.9775,1.738223536,100,2020/8/28 17:54,
98.5,9.9961,1.740038281,100,2020/8/28 17:54,
99.2,9.9737,1.737317582,100,2020/8/28 17:54,
99.7,9.9918,1.735809755,100,2020/8/28 17:54,
99.6,9.9867,1.736412572,100,2020/8/28 17:54,
98.5,9.9684,1.73565913,100,2020/8/28 17:54,
96.2,10.0047,1.730103858,100,2020/8/28 17:54,
93.2,10.0111,1.733102253,100,2020/8/28 17:54,
89.8,9.9994,1.731751784,100,2020/8/28 17:54,
86.8,10.0078,1.730403184,100,2020/8/28 17:54,
84.3,9.9899,1.730403184,100,2020/8/28 17:54,
82.8,9.9793,1.730403184,100,2020/8/28 17:55,
82.2,10.012,1.727115717,100,2020/8/28 17:55,
82.1,9.9871,1.729505361,100,2020/8/28 17:55,
82,9.9996,1.729505361,100,2020/8/28 17:55,
82,9.9982,1.723989427,100,2020/8/28 17:55,
82,9.9912,1.727115717,100,2020/8/28 17:55,
82.1,9.9978,1.727115717,100,2020/8/28 17:55,
82.2,9.9888,1.72488153,100,2020/8/28 17:55,
82.7,9.9895,1.726221302,100,2020/8/28 17:55,
83.5,9.9884,1.726668509,100,2020/8/28 17:55,
84.4,9.9969,1.722801594,100,2020/8/28 17:55,
85,9.9853,1.721170396,100,2020/8/28 17:55,
85.2,9.9792,1.723543606,100,2020/8/28 17:55,
84.9,10.0024,1.722652885,100,2020/8/28 17:55,
84.4,9.9812,1.719099192,100,2020/8/28 17:55,
83.7,9.9969,1.71998624,100,2020/8/28 17:55,
83.3,10.0007,1.721170396,100,2020/8/28 17:55,
83.5,9.99,1.717180504,100,2020/8/28 17:55,
84.4,9.9866,1.719099192,100,2020/8/28 17:55,
85.9,9.9935,1.717770448,100,2020/8/28 17:55,
87.8,10.0172,1.713649329,100,2020/8/28 17:55,
89.8,9.9875,1.714089818,100,2020/8/28 17:55,
91.5,9.9864,1.71320884,100,2020/8/28 17:55,
92.4,9.9892,1.710425153,100,2020/8/28 17:55,
92.6,9.9778,1.712035661,100,2020/8/28 17:55,
92.2,9.9995,1.708817498,100,2020/8/28 17:55,
91.5,9.9805,1.694340901,100,2020/8/28 17:55,
90.5,9.9856,1.689474573,100,2020/8/28 17:55,
89.8,9.99,1.678133962,100,2020/8/28 17:55,
89.3,10.0076,1.671122995,100,2020/8/28 17:55,
89.1,9.9795,1.675041876,100,2020/8/28 17:55,
88.8,9.9963,1.677570877,100,2020/8/28 17:55,
88.3,9.9924,1.679261125,100,2020/8/28 17:55,
87.6,9.9971,1.682651859,100,2020/8/28 17:55,
86.8,9.9848,1.68520391,100,2020/8/28 17:55,
85.9,9.9998,1.68520391,100,2020/8/28 17:55,
85.4,9.989,1.685346216,100,2020/8/28 17:55,
85.7,9.9978,1.686056314,100,2020/8/28 17:55,
86.8,9.9814,1.683501684,100,2020/8/28 17:55,
88.4,10.0024,1.682651859,100,2020/8/28 17:55,
90.4,9.9993,1.686056314,100,2020/8/28 17:55,
92.3,9.9891,1.683785197,100,2020/8/28 17:55,
93.8,9.9936,1.681237391,100,2020/8/28 17:55,
94.4,9.9906,1.68520391,100,2020/8/28 17:55,
94.5,10.0037,1.684352797,100,2020/8/28 17:55,
94.1,9.9846,1.680672459,100,2020/8/28 17:55,
93.8,9.9947,1.683501684,100,2020/8/28 17:55,
93.7,9.9994,1.68520391,100,2020/8/28 17:55,
94.1,9.9793,1.681237391,100,2020/8/28 17:55,
95,9.9803,1.686056314,100,2020/8/28 17:55,
96.2,9.9936,1.686340689,100,2020/8/28 17:55,
97,9.9911,1.682651859,100,2020/8/28 17:55,
97.3,9.9796,1.68520391,100,2020/8/28 17:55,
97.1,9.9988,1.685630112,100,2020/8/28 17:55,
96.2,9.9936,1.68520391,100,2020/8/28 17:55,
94.6,10.0155,1.68520391,100,2020/8/28 17:55,
93.1,9.9846,1.68520391,100,2020/8/28 17:55,
91.9,9.996,1.684920014,100,2020/8/28 17:55,
91.5,9.9973,1.684920014,100,2020/8/28 17:55,
91.9,9.9969,1.686056314,100,2020/8/28 17:55,
93.5,9.9809,1.686909582,100,2020/8/28 17:56,
95.8,9.9793,1.686482948,100,2020/8/28 17:56,
98.5,9.9906,1.691761123,100,2020/8/28 17:56,
100.5,9.9828,1.691761123,100,2020/8/28 17:56,
101.4,9.9939,1.68890395,100,2020/8/28 17:56,
100.7,9.9918,1.694484465,100,2020/8/28 17:56,
98.5,9.9865,1.692906721,100,2020/8/28 17:56,
95,10.0044,1.690188758,100,2020/8/28 17:56,
91.2,9.9834,1.691761123,100,2020/8/28 17:56,
88.3,9.9941,1.689474573,100,2020/8/28 17:56,
86.9,9.984,1.686056314,100,2020/8/28 17:56,
88.6,10.0022,1.686056314,100,2020/8/28 17:56,
91.2,9.9963,1.683501684,100,2020/8/28 17:56,
93.8,9.9912,1.686056314,100,2020/8/28 17:56,
95.6,9.9851,1.686056314,100,2020/8/28 17:56,
96.4,9.9842,1.686056314,100,2020/8/28 17:56,
96.2,9.995,1.687478907,100,2020/8/28 17:56,
95.5,9.9889,1.68861871,100,2020/8/28 17:56,
94.7,9.9874,1.687194244,100,2020/8/28 17:56,
94.3,9.9857,1.68861871,100,2020/8/28 17:56,
94.6,9.9829,1.686909582,100,2020/8/28 17:56,
95.5,9.9908,1.68861871,100,2020/8/28 17:56,
96.6,9.989,1.687336647,100,2020/8/28 17:56,
97.6,9.9945,1.689474573,100,2020/8/28 17:56,
98.3,9.989,1.689474573,100,2020/8/28 17:56,
98.5,9.9885,1.687763713,100,2020/8/28 17:56,
98,9.9957,1.692047426,100,2020/8/28 17:56,
97.3,9.9812,1.691761123,100,2020/8/28 17:56,
96.5,9.9958,1.689902939,100,2020/8/28 17:56,
96.2,10.0058,1.691761123,100,2020/8/28 17:56,
96.3,10,1.692906721,100,2020/8/28 17:56,
97.4,9.9904,1.687763713,100,2020/8/28 17:56,
99.3,9.9893,1.689474573,100,2020/8/28 17:56,
101.7,10.007,1.68861871,100,2020/8/28 17:56,
104,10.0059,1.685346216,100,2020/8/28 17:56,
105.7,9.9931,1.686056314,100,2020/8/28 17:56,
106.3,9.9921,1.686056314,100,2020/8/28 17:56,
105.5,9.9942,1.683501684,100,2020/8/28 17:56,
103.2,9.9816,1.68520391,100,2020/8/28 17:56,
100,10.0125,1.68520391,100,2020/8/28 17:56,
96.6,10.0026,1.682651859,100,2020/8/28 17:56,
93.5,9.9883,1.682651859,100,2020/8/28 17:56,
91.2,9.9986,1.683501684,100,2020/8/28 17:56,
89.9,9.9853,1.682651859,100,2020/8/28 17:56,
89.7,10.0014,1.682651859,100,2020/8/28 17:56,
90,9.9991,1.68520391,100,2020/8/28 17:56,
90.3,10.0055,1.68520391,100,2020/8/28 17:56,
90.5,9.8275,1.681802893,100,2020/8/28 17:56,
90.4,9.9995,1.68520391,100,2020/8/28 17:56,
90,10.0076,1.68520391,100,2020/8/28 17:56,
89.4,9.9801,1.681237391,100,2020/8/28 17:56,
89,10.0066,1.68520391,100,2020/8/28 17:56,
89.2,9.9715,1.68520391,100,2020/8/28 17:56,
90,10.0073,1.683501684,100,2020/8/28 17:56,
91.2,9.9942,1.684778042,100,2020/8/28 17:56,
92.8,10.0026,1.685630112,100,2020/8/28 17:56,
94.5,9.9923,1.684068901,100,2020/8/28 17:56,
96.2,9.9876,1.686056314,100,2020/8/28 17:56,
97.3,9.9889,1.687478907,100,2020/8/28 17:56,
98,9.9964,1.683501684,100,2020/8/28 17:56,
98.3,9.9934,1.68861871,100,2020/8/28 17:57,
98.5,9.9826,1.688048808,100,2020/8/28 17:57,
98.4,10.0404,1.686056314,100,2020/8/28 17:57,
98.3,10.0044,1.683076771,100,2020/8/28 17:57,
98.4,9.9834,1.682651859,100,2020/8/28 17:57,
98.5,9.9902,1.681237391,100,2020/8/28 17:57,
98.5,10.0041,1.680107527,100,2020/8/28 17:57,
98.5,10.0013,1.681802893,100,2020/8/28 17:57,
98.5,9.9895,1.681802893,100,2020/8/28 17:57,
98.5,9.9821,1.679684326,100,2020/8/28 17:57,
98.3,9.9978,1.681520142,100,2020/8/28 17:57,
98.3,9.997,1.682651859,100,2020/8/28 17:57,
98.3,10.013,1.679402429,100,2020/8/28 17:57,
98.5,9.9978,1.682793449,100,2020/8/28 17:57,
98.6,9.9971,1.68520391,100,2020/8/28 17:57,
98.7,9.9981,1.682085977,100,2020/8/28 17:57,
98.7,9.9897,1.68520391,100,2020/8/28 17:57,
98.5,9.9847,1.684068901,100,2020/8/28 17:57,
98,10.0016,1.681237391,100,2020/8/28 17:57,
97.4,10.0004,1.68520391,100,2020/8/28 17:57,
96.7,10.0074,1.686056746,100,2020/8/28 17:57,
96.2,10.0056,1.683785197,100,2020/8/28 17:57,
95.7,9.9892,1.686056314,100,2020/8/28 17:57,
95.5,10.0162,1.686482948,100,2020/8/28 17:57,
95.7,9.9864,1.685487949,100,2020/8/28 17:57,
96.2,9.9817,1.687194244,100,2020/8/28 17:57,
96.5,10.0017,1.688048808,100,2020/8/28 17:57,
96.7,9.9953,1.686909582,100,2020/8/28 17:57,
96.7,9.9981,1.686909582,100,2020/8/28 17:57,
96.1,9.9844,1.68861871,100,2020/8/28 17:57,
95.1,10.0176,1.687478907,100,2020/8/28 17:57,
93.7,10.0058,1.683501684,100,2020/8/28 17:57,
92.5,9.9947,1.686056314,100,2020/8/28 17:57,
91.5,9.9928,1.68520391,100,2020/8/28 17:57,
90.8,9.9982,1.682793449,100,2020/8/28 17:57,
90.6,9.9986,1.686056314,100,2020/8/28 17:57,
90.9,9.9978,1.684920014,100,2020/8/28 17:57,
91.5,9.9976,1.682510413,100,2020/8/28 17:57,
92.1,9.9909,1.687194244,100,2020/8/28 17:57,
92.7,9.9962,1.68861871,100,2020/8/28 17:57,
93.3,10.0039,1.684068901,100,2020/8/28 17:57,
93.8,9.9908,1.689474573,100,2020/8/28 17:57,
94.2,9.9923,1.689474573,100,2020/8/28 17:57,
94.6,9.9916,1.687763713,100,2020/8/28 17:57,
95.2,9.9866,1.690331305,100,2020/8/28 17:57,
96.2,10.0013,1.689474573,100,2020/8/28 17:57,
97.4,9.987,1.687051889,100,2020/8/28 17:57,
99,10.0008,1.691332033,100,2020/8/28 17:57,
101.1,10.0003,1.694340901,100,2020/8/28 17:57,
103.2,9.9999,1.691761123,100,2020/8/28 17:57,
104.7,9.9936,1.693336829,100,2020/8/28 17:57,
105.4,10.0101,1.695202577,100,2020/8/28 17:57,
105,9.9955,1.696065129,100,2020/8/28 17:57,
103.2,9.9952,1.694628029,100,2020/8/28 17:57,
100.2,9.996,1.697216565,100,2020/8/28 17:57,
96.8,9.983,1.696065129,100,2020/8/28 17:57,
93.6,9.9967,1.694628029,100,2020/8/28 17:57,
91.2,9.9934,1.69865806,100,2020/8/28 17:57,
89.8,10.0077,1.699091097,100,2020/8/28 17:57,
89.6,10.0097,1.697216565,100,2020/8/28 17:57,
90.3,9.9896,1.70386778,100,2020/8/28 17:58,
91.5,9.9924,1.706484642,100,2020/8/28 17:58,
92.4,9.9999,1.703287394,100,2020/8/28 17:58,
93.1,9.9902,1.708379714,100,2020/8/28 17:58,
93.6,10.0047,1.708087808,100,2020/8/28 17:58,
93.8,10.0018,1.70401326,100,2020/8/28 17:58,
93.8,9.9851,1.708817498,100,2020/8/28 17:58,
93.8,10.0048,1.708817498,100,2020/8/28 17:58,
93.9,9.9754,1.707358716,100,2020/8/28 17:58,
93.8,9.9899,1.708817498,100,2020/8/28 17:58,
93.4,10.0067,1.711156792,100,2020/8/28 17:58,
92.8,9.9973,1.708817498,100,2020/8/28 17:58,
92.2,10.003,1.709693965,100,2020/8/28 17:58,
91.8,9.9868,1.709693965,100,2020/8/28 17:58,
91.6,9.9909,1.710863986,100,2020/8/28 17:58,
91.9,10.0065,1.709693965,100,2020/8/28 17:58,
93.8,9.9979,1.712328767,100,2020/8/28 17:58,
94.8,9.998,1.708963826,100,2020/8/28 17:58,
95.6,10.0047,1.712328767,100,2020/8/28 17:58,
96.1,9.9966,1.712328767,100,2020/8/28 17:58,
96.2,9.9892,1.709547837,100,2020/8/28 17:58,
95.7,10.0089,1.712328767,100,2020/8/28 17:58,
95,10.0074,1.712328767,100,2020/8/28 17:58,
94.3,9.9914,1.709693965,100,2020/8/28 17:58,
93.8,9.9825,1.714383881,100,2020/8/28 17:58,
93.4,10.0018,1.71320884,100,2020/8/28 17:58,
93.2,10.0043,1.710863986,100,2020/8/28 17:58,
93.4,9.9944,1.714530761,100,2020/8/28 17:58,
93.8,10.0058,1.713649329,100,2020/8/28 17:58,
94,10.0131,1.711742554,100,2020/8/28 17:58,
94.1,10.0055,1.714089818,100,2020/8/28 17:58,
94,9.9952,1.71320884,100,2020/8/28 17:58,
93.8,10.0076,1.713649329,100,2020/8/28 17:58,
93.4,9.9998,1.715854496,100,2020/8/28 17:58,
93.2,10,1.715854496,100,2020/8/28 17:58,
93.3,9.9794,1.713649329,100,2020/8/28 17:58,
93.8,9.9877,1.71320884,100,2020/8/28 17:58,
94.4,9.9935,1.715854496,100,2020/8/28 17:58,
95.1,9.994,1.715854496,100,2020/8/28 17:58,
95.7,9.9964,1.712915432,100,2020/8/28 17:58,
96.2,10.0109,1.716738197,100,2020/8/28 17:58,
96.4,9.9868,1.714089818,100,2020/8/28 17:58,
96.8,9.993,1.71320884,100,2020/8/28 17:58,
97.5,10.0139,1.714971703,100,2020/8/28 17:58,
98.5,9.9972,1.714089818,100,2020/8/28 17:58,
99.3,9.9968,1.71320884,100,2020/8/28 17:58,
99.8,10.0072,1.717475628,100,2020/8/28 17:58,
99.6,9.9903,1.715854496,100,2020/8/28 17:58,
98.5,9.9974,1.712475697,100,2020/8/28 17:58,
96.7,9.9962,1.715854496,100,2020/8/28 17:58,
94.8,9.9946,1.715854496,100,2020/8/28 17:58,
93.7,9.9935,1.711742554,100,2020/8/28 17:58,
93.8,9.9735,1.714089818,100,2020/8/28 17:58,
95,9.9961,1.714089818,100,2020/8/28 17:58,
97.1,9.9986,1.713649329,100,2020/8/28 17:58,
99.3,9.9872,1.714972157,100,2020/8/28 17:58,
100.8,10.0019,1.715854496,100,2020/8/28 17:58,
101.2,9.9952,1.714089818,100,2020/8/28 17:58,
100.6,9.998,1.71335562,100,2020/8/28 17:58,
99.5,9.9797,1.715854496,100,2020/8/28 17:58,
98.5,9.9934,1.715854496,100,2020/8/28 17:59,
98.1,9.9983,1.71320884,100,2020/8/28 17:59,
98.5,9.9973,1.715854496,100,2020/8/28 17:59,
99.6,10.0112,1.715854496,100,2020/8/28 17:59,
100.8,9.9911,1.70998677,100,2020/8/28 17:59,
101.5,9.9975,1.714089818,100,2020/8/28 17:59,
101.2,10.0056,1.715854496,100,2020/8/28 17:59,
100.2,9.9888,1.71130327,100,2020/8/28 17:59,
98.5,9.9865,1.715854496,100,2020/8/28 17:59,
96.5,9.9993,1.715854496,100,2020/8/28 17:59,
94.9,10.0008,1.712475697,100,2020/8/28 17:59,
94,9.9772,1.715854496,100,2020/8/28 17:59,
93.8,9.9912,1.715854496,100,2020/8/28 17:59,
94.1,9.9976,1.711742554,100,2020/8/28 17:59,
94.7,10.0052,1.714089818,100,2020/8/28 17:59,
95.5,10.0005,1.714089818,100,2020/8/28 17:59,
96.2,9.9937,1.711742554,100,2020/8/28 17:59,
96.4,9.9629,1.714971703,100,2020/8/28 17:59,
96.4,10.0039,1.715854496,100,2020/8/28 17:59,
96.3,9.9819,1.71320884,100,2020/8/28 17:59,
96.2,9.9857,1.714971703,100,2020/8/28 17:59,
95.9,9.9997,1.714089818,100,2020/8/28 17:59,
95.8,9.9937,1.714089818,100,2020/8/28 17:59,
95.9,9.9828,1.71130327,100,2020/8/28 17:59,
96.2,10.023,1.71320884,100,2020/8/28 17:59,
96.2,9.9998,1.711742554,100,2020/8/28 17:59,
96.2,9.9976,1.709109554,100,2020/8/28 17:59,
96.2,10.0137,1.710863986,100,2020/8/28 17:59,
96.2,9.9744,1.710863986,100,2020/8/28 17:59,
95.9,9.9944,1.708525592,100,2020/8/28 17:59,
95.9,9.9867,1.712328767,100,2020/8/28 17:59,
95.9,9.9901,1.712328767,100,2020/8/28 17:59,
96.2,10.0215,1.707358716,100,2020/8/28 17:59,
96.3,9.9919,1.710132648,100,2020/8/28 17:59,
96.4,10.0116,1.708817498,100,2020/8/28 17:59,
96.4,10.0094,1.706484642,100,2020/8/28 17:59,
96.2,9.9836,1.707650323,100,2020/8/28 17:59,
95.6,10.0008,1.706484642,100,2020/8/28 17:59,
95,9.9992,1.704593893,100,2020/8/28 17:59,
94.3,9.9792,1.705030036,100,2020/8/28 17:59,
93.8,10.0107,1.70386778,100,2020/8/28 17:59,
93.4,10.0018,1.70039109,100,2020/8/28 17:59,
93.2,10.0055,1.698081168,100,2020/8/28 17:59,
93.4,9.9963,1.69865806,100,2020/8/28 17:59,
93.8,10.0089,1.697216565,100,2020/8/28 17:59,
94.1,10.0102,1.693766938,100,2020/8/28 17:59,
94.2,9.9886,1.695202577,100,2020/8/28 17:59,
94.1,9.9787,1.694340901,100,2020/8/28 17:59,
93.8,10.0023,1.69190425,100,2020/8/28 17:59,
93.3,9.9926,1.69405392,100,2020/8/28 17:59,
93,9.9863,1.693766938,100,2020/8/28 17:59,
93.2,10.001,1.691188906,100,2020/8/28 17:59,
93.8,10.0039,1.695202577,100,2020/8/28 17:59,
94.6,10.0045,1.694484465,100,2020/8/28 17:59,
95.4,9.9997,1.69004568,100,2020/8/28 17:59,
95.9,10.0011,1.695202577,100,2020/8/28 17:59,
96.2,9.9937,1.694915303,100,2020/8/28 17:59,
95.9,9.9862,1.692906721,100,2020/8/28 17:59,
95.7,10.0121,1.693766938,100,2020/8/28 17:59,
95.7,10.0092,1.695202577,100,2020/8/28 17:59,
96.2,9.9986,1.691188906,100,2020/8/28 18:00,
96.7,9.9932,1.693766938,100,2020/8/28 18:00,
97.1,10.0104,1.693766938,100,2020/8/28 18:00,
97.1,9.9907,1.692906721,100,2020/8/28 18:00,
96.2,10.0045,1.693766938,100,2020/8/28 18:00,
94.3,9.9808,1.695202577,100,2020/8/28 18:00,
92.2,10.0014,1.692906721,100,2020/8/28 18:00,
90.3,10.0026,1.691761123,100,2020/8/28 18:00,
89.1,9.9966,1.691761123,100,2020/8/28 18:00,
88.7,9.9851,1.690331305,100,2020/8/28 18:00,
88.8,10.0033,1.686909582,100,2020/8/28 18:00,
89.1,9.9954,1.689046642,100,2020/8/28 18:00,
89.1,9.9959,1.68861871,100,2020/8/28 18:00,
88.4,10.0001,1.684636119,100,2020/8/28 18:00,
87.4,10.0024,1.686056314,100,2020/8/28 18:00,
86.7,9.9888,1.686909582,100,2020/8/28 18:00,
86.8,9.9928,1.683076771,100,2020/8/28 18:00,
87.8,9.9945,1.686056314,100,2020/8/28 18:00,
89.8,9.9969,1.68520391,100,2020/8/28 18:00,
92,9.9874,1.679120153,100,2020/8/28 18:00,
93.8,9.9946,1.679261125,100,2020/8/28 18:00,
94.3,9.9895,1.677148953,100,2020/8/28 18:00,
91.5,9.996,1.66583375,100,2020/8/28 18:00,
89.1,10.0056,1.659200265,100,2020/8/28 18:00,
86.7,9.995,1.655081099,100,2020/8/28 18:00,
85.1,9.9991,1.652619402,100,2020/8/28 18:00,
84.6,9.9895,1.650709805,100,2020/8/28 18:00,
85.1,9.9895,1.648261085,100,2020/8/28 18:00,
86.3,9.9912,1.646903821,100,2020/8/28 18:00,
88,10.0016,1.648261085,100,2020/8/28 18:00,
89.8,10.0018,1.648261085,100,2020/8/28 18:00,
91.5,9.9886,1.645278052,100,2020/8/28 18:00,
92.4,10.0107,1.649348507,100,2020/8/28 18:00,
92.7,10.0047,1.649348507,100,2020/8/28 18:00,
92.3,10.0038,1.645955344,100,2020/8/28 18:00,
91.5,9.9913,1.651800463,100,2020/8/28 18:00,
90.3,9.9983,1.652619402,100,2020/8/28 18:00,
89.7,9.9937,1.650165017,100,2020/8/28 18:00,
90,9.9957,1.653986107,100,2020/8/28 18:00,
91.5,9.998,1.65371263,100,2020/8/28 18:00,
93.7,9.9822,1.652209932,100,2020/8/28 18:00,
96.4,10.0019,1.655903295,100,2020/8/28 18:00,
99,9.9722,1.655492197,100,2020/8/28 18:00,
100.8,10.0064,1.654533422,100,2020/8/28 18:00,
101.6,9.9926,1.656726309,100,2020/8/28 18:00,
101.6,9.9966,1.658374793,100,2020/8/28 18:00,
101.2,10.0094,1.656726309,100,2020/8/28 18:00,
100.8,9.9882,1.659200265,100,2020/8/28 18:00,
100.7,9.9932,1.660853679,100,2020/8/28 18:00,
100.8,9.9994,1.66044012,100,2020/8/28 18:00,
101,9.9809,1.661681622,100,2020/8/28 18:00,
100.8,9.9933,1.664170411,100,2020/8/28 18:00,
99.8,10.0117,1.665001665,100,2020/8/28 18:00,
98.1,9.9751,1.664447403,100,2020/8/28 18:00,
95.9,9.9939,1.667639468,100,2020/8/28 18:00,
93.8,10.0159,1.668335002,100,2020/8/28 18:00,
92,9.9982,1.664724534,100,2020/8/28 18:00,
91.1,9.9994,1.66002656,100,2020/8/28 18:00,
91,9.9873,1.655081099,100,2020/8/28 18:00,
91.5,10.0076,1.647446637,100,2020/8/28 18:00,
92,10.0049,1.647175139,100,2020/8/28 18:01,
92.2,10.0154,1.642575558,100,2020/8/28 18:01,
92.1,10.0006,1.640150894,100,2020/8/28 18:01,
91.5,9.9869,1.642575558,100,2020/8/28 18:01,
90.6,9.9976,1.644466371,100,2020/8/28 18:01,
90.1,10.0127,1.64217105,100,2020/8/28 18:01,
90.3,10.017,1.646090535,100,2020/8/28 18:01,
91.5,10.0138,1.647446458,100,2020/8/28 18:01,
93.3,9.9988,1.648261085,100,2020/8/28 18:01,
95.4,9.9855,1.651255134,100,2020/8/28 18:01,
97.4,9.9989,1.652619402,100,2020/8/28 18:01,
98.6,9.9935,1.653439153,100,2020/8/28 18:01,
98.5,10.0063,1.654260126,100,2020/8/28 18:01,
97.5,10.0157,1.658099863,100,2020/8/28 18:01,
95.8,9.9948,1.659200265,100,2020/8/28 18:01,
93.8,9.9967,1.660716055,100,2020/8/28 18:01,
91.9,9.9935,1.665001665,100,2020/8/28 18:01,
90.4,10.0082,1.66583375,100,2020/8/28 18:01,
89.5,9.9952,1.661819979,100,2020/8/28 18:01,
89.1,10.0063,1.666666667,100,2020/8/28 18:01,
89.1,9.9966,1.668335002,100,2020/8/28 18:01,
89.4,9.9789,1.667222593,100,2020/8/28 18:01,
90.2,9.9937,1.669170422,100,2020/8/28 18:01,
91.5,9.9991,1.670285619,100,2020/8/28 18:01,
92.8,9.9853,1.666666667,100,2020/8/28 18:01,
94.2,9.9883,1.669170422,100,2020/8/28 18:01,
95.3,10.0007,1.669728021,100,2020/8/28 18:01,
96.2,10.0099,1.66430946,100,2020/8/28 18:01,
96.4,9.9955,1.668335002,100,2020/8/28 18:01,
96.3,9.9905,1.667500834,100,2020/8/28 18:01,
96.2,9.9981,1.661681668,100,2020/8/28 18:01,
96.2,9.9833,1.664170411,100,2020/8/28 18:01,
96.2,9.9906,1.661681622,100,2020/8/28 18:01,
96.2,10.0009,1.658099863,100,2020/8/28 18:01,
96.3,9.973,1.65371263,100,2020/8/28 18:01,
96,10.0939,1.650165017,100,2020/8/28 18:01,
95.4,10.0011,1.64365549,100,2020/8/28 18:01,
94.6,9.982,1.639344262,100,2020/8/28 18:01,
94.1,9.9879,1.64149709,100,2020/8/28 18:01,
93.8,10.0106,1.641092979,100,2020/8/28 18:01,
93.8,9.9983,1.639075605,100,2020/8/28 18:01,
94,9.9912,1.64136243,100,2020/8/28 18:01,
94.1,9.9899,1.640150894,100,2020/8/28 18:01,
93.8,10.0015,1.638538468,100,2020/8/28 18:01,
92.8,9.9783,1.639344262,100,2020/8/28 18:01,
91.5,10.0051,1.64095832,100,2020/8/28 18:01,
90.1,10.003,1.638270031,100,2020/8/28 18:01,
89.1,10.0034,1.64095832,100,2020/8/28 18:01,
88.7,10.0003,1.641227815,100,2020/8/28 18:01,
89.1,9.9906,1.636929121,100,2020/8/28 18:01,
90.2,10.004,1.639075605,100,2020/8/28 18:01,
91.5,9.9924,1.638941343,100,2020/8/28 18:01,
92.4,10.0233,1.636527388,100,2020/8/28 18:01,
92.7,10.0162,1.638941343,100,2020/8/28 18:01,
92.3,9.9247,1.639344262,100,2020/8/28 18:01,
91.5,9.9263,1.638538424,100,2020/8/28 18:01,
90.5,9.9171,1.640554607,100,2020/8/28 18:01,
90,9.9236,1.639747578,100,2020/8/28 18:01,
90.4,10.0614,1.639344262,100,2020/8/28 18:01,
91.5,10.0015,1.639344262,100,2020/8/28 18:01,
92.8,10.0056,1.641092979,100,2020/8/28 18:02,
93.7,9.9934,1.641766541,100,2020/8/28 18:02,
93.4,9.8334,1.638941343,100,2020/8/28 18:02,
91.5,9.8465,1.639747578,100,2020/8/28 18:02,
88,9.661,1.643925739,100,2020/8/28 18:02,
83.9,9.6943,1.64136243,100,2020/8/28 18:02,
79.8,10.0582,1.64217105,100,2020/8/28 18:02,
76.5,9.7394,1.64217105,100,2020/8/28 18:02,
74.1,9.9721,1.638001638,100,2020/8/28 18:02,
72.7,9.7941,1.64149709,100,2020/8/28 18:02,
71.4,9.7487,1.640151291,100,2020/8/28 18:02,
69.7,9.8626,1.63867295,100,2020/8/28 18:02,
67.2,9.7735,1.644195988,100,2020/8/28 18:02,
64.2,9.8813,1.641766541,100,2020/8/28 18:02,
60.9,9.8267,1.638538424,100,2020/8/28 18:02,
57.7,10.0883,1.641766541,100,2020/8/28 18:02,
54.7,11.1879,1.498801094,100,2020/8/28 18:02,
51.7,10.2775,1.588573937,100,2020/8/28 18:02,
48.7,11.5739,1.602564103,100,2020/8/28 18:02,
45.7,10.4473,1.565314829,100,2020/8/28 18:02,
43.3,10.0174,1.529051988,100,2020/8/28 18:02,
42.4,10.8627,1.527767249,100,2020/8/28 18:02,
43.6,9.9252,1.529051988,100,2020/8/28 18:02,
46.9,10.1458,1.516070381,100,2020/8/28 18:02,
50.9,9.5742,1.529051988,100,2020/8/28 18:02,
53.5,11.0036,1.523345346,100,2020/8/28 18:02,
52.7,9.0806,1.504891032,100,2020/8/28 18:02,
46.9,10.2762,1.498800959,100,2020/8/28 18:02,
46.9,9.9711,1.513203742,99.9,2020/8/28 18:02,
46.9,10.0706,1.551831161,100,2020/8/28 18:02,
