heart_rate,GSR,time
71.8,0.17695983,2021/12/6 17:25
70.4,0.17695983,2021/12/6 17:25
68.7,0.17695983,2021/12/6 17:25
67.4,0.177006827,2021/12/6 17:25
66.9,0.17758835,2021/12/6 17:25
67.3,0.17758835,2021/12/6 17:25
68.3,0.17758835,2021/12/6 17:25
69.4,0.178030977,2021/12/6 17:26
70.2,0.178157848,2021/12/6 17:26
70.4,0.178157848,2021/12/6 17:26
69.9,0.178571429,2021/12/6 17:26
69.4,0.178699071,2021/12/6 17:26
69.5,0.178794922,2021/12/6 17:26
70.4,0.17916332,2021/12/6 17:26
71.8,0.178794922,2021/12/6 17:26
73.2,0.178794922,2021/12/6 17:26
73.7,0.17921147,2021/12/6 17:26
72.7,0.179307872,2021/12/6 17:26
70,0.179307872,2021/12/6 17:26
66.4,0.179404377,2021/12/6 17:26
62.9,0.179856115,2021/12/6 17:26
60.7,0.179856115,2021/12/6 17:26
60.4,0.179953212,2021/12/6 17:26
62,0.179953212,2021/12/6 17:26
64.9,0.180505415,2021/12/6 17:26
68,0.180554315,2021/12/6 17:26
70,0.181061018,2021/12/6 17:26
70.6,0.180554315,2021/12/6 17:26
69.8,0.181061018,2021/12/6 17:26
68,0.18115942,2021/12/6 17:26
66.1,0.18115942,2021/12/6 17:26
64.7,0.181686047,2021/12/6 17:26
64.3,0.181686047,2021/12/6 17:26
64.7,0.181686047,2021/12/6 17:26
65.6,0.18178513,2021/12/6 17:26
66.7,0.182315406,2021/12/6 17:26
67.5,0.182215743,2021/12/6 17:26
68.2,0.182215743,2021/12/6 17:26
68.5,0.182781941,2021/12/6 17:26
68.9,0.182315406,2021/12/6 17:26
69.5,0.182548673,2021/12/6 17:26
70.4,0.182882224,2021/12/6 17:26
71.3,0.182982617,2021/12/6 17:26
72.2,0.183418929,2021/12/6 17:26
72.8,0.183334863,2021/12/6 17:26
72.7,0.183519912,2021/12/6 17:26
71.6,0.183519912,2021/12/6 17:26
69.5,0.183857327,2021/12/6 17:26
66.8,0.184162063,2021/12/6 17:26
64,0.184060372,2021/12/6 17:26
61.8,0.184060372,2021/12/6 17:26
60.9,0.184552935,2021/12/6 17:26
61.7,0.184604024,2021/12/6 17:26
64,0.184706317,2021/12/6 17:26
67.4,0.185150898,2021/12/6 17:26
70.9,0.184706317,2021/12/6 17:26
74,0.185150898,2021/12/6 17:26
76.1,0.185356812,2021/12/6 17:26
76.8,0.185253798,2021/12/6 17:26
76.8,0.185253798,2021/12/6 17:26
76.4,0.185821811,2021/12/6 17:26
76.1,0.185873606,2021/12/6 17:26
75.7,0.185873606,2021/12/6 17:26
75.2,0.185873606,2021/12/6 17:26
74.3,0.186428039,2021/12/6 17:26
72.7,0.186428039,2021/12/6 17:26
70.3,0.186428039,2021/12/6 17:26
67.8,0.186532363,2021/12/6 17:27
65.9,0.18660214,2021/12/6 17:27
65.1,0.187090739,2021/12/6 17:27
65.5,0.187125755,2021/12/6 17:27
67.1,0.187090739,2021/12/6 17:27
69.1,0.187511719,2021/12/6 17:27
70.4,0.187617261,2021/12/6 17:27
69.9,0.187617261,2021/12/6 17:27
67.4,0.187617261,2021/12/6 17:27
63.3,0.188199883,2021/12/6 17:27
58.3,0.187617261,2021/12/6 17:27
53.7,0.188253012,2021/12/6 17:27
50.7,0.188608072,2021/12/6 17:27
50,0.188821752,2021/12/6 17:27
51.6,0.188821752,2021/12/6 17:27
54.7,0.189250568,2021/12/6 17:27
58.4,0.188928774,2021/12/6 17:27
61.6,0.188928774,2021/12/6 17:27
63.6,0.189465707,2021/12/6 17:27
64.1,0.189358076,2021/12/6 17:27
63.8,0.189465707,2021/12/6 17:27
63.4,0.189951578,2021/12/6 17:27
63.6,0.189897455,2021/12/6 17:27
64.6,0.1900057,2021/12/6 17:27
66.5,0.1900057,2021/12/6 17:27
68.6,0.190439916,2021/12/6 17:27
70.4,0.19054878,2021/12/6 17:27
71.2,0.190657769,2021/12/6 17:27
71.3,0.191094974,2021/12/6 17:27
70.9,0.190657769,2021/12/6 17:27
70.4,0.190657769,2021/12/6 17:27
70,0.191204589,2021/12/6 17:27
70,0.191204589,2021/12/6 17:27
70.2,0.191204589,2021/12/6 17:27
70.4,0.191644308,2021/12/6 17:27
70.2,0.191314329,2021/12/6 17:27
70,0.191754554,2021/12/6 17:27
69.9,0.191791338,2021/12/6 17:27
70.4,0.191828122,2021/12/6 17:27
71.3,0.191828122,2021/12/6 17:27
72.6,0.192381685,2021/12/6 17:27
74,0.192492782,2021/12/6 17:27
75,0.192381685,2021/12/6 17:27
75.2,0.192381685,2021/12/6 17:27
74.7,0.192492782,2021/12/6 17:27
73.7,0.192938453,2021/12/6 17:27
72.7,0.192938453,2021/12/6 17:27
72,0.193050193,2021/12/6 17:27
72.1,0.193573364,2021/12/6 17:27
72.7,0.193573364,2021/12/6 17:27
73.1,0.193573364,2021/12/6 17:27
73.2,0.193573364,2021/12/6 17:27
73,0.19408056,2021/12/6 17:27
72.7,0.194137061,2021/12/6 17:27
72.3,0.19408056,2021/12/6 17:27
72.1,0.194401362,2021/12/6 17:27
72.2,0.194193628,2021/12/6 17:27
72.7,0.194250194,2021/12/6 17:27
73.3,0.194836841,2021/12/6 17:27
74,0.194779899,2021/12/6 17:27
74.6,0.194779899,2021/12/6 17:28
75.1,0.1953125,2021/12/6 17:28
75.1,0.195274368,2021/12/6 17:28
74.6,0.1953125,2021/12/6 17:28
73.8,0.195427008,2021/12/6 17:28
72.7,0.195427008,2021/12/6 17:28
71.3,0.195427008,2021/12/6 17:28
69.9,0.195427008,2021/12/6 17:28
68.7,0.195963159,2021/12/6 17:28
68,0.195924772,2021/12/6 17:28
67.6,0.195963159,2021/12/6 17:28
67.6,0.196367224,2021/12/6 17:28
67.8,0.196020795,2021/12/6 17:28
68,0.196540881,2021/12/6 17:28
67.9,0.196618168,2021/12/6 17:28
67.5,0.196618168,2021/12/6 17:28
66.7,0.196618168,2021/12/6 17:28
65.7,0.19727757,2021/12/6 17:28
64.5,0.197160883,2021/12/6 17:28
63.7,0.19727757,2021/12/6 17:28
63.2,0.197706603,2021/12/6 17:28
63.3,0.19727757,2021/12/6 17:28
63.7,0.197706603,2021/12/6 17:28
64.4,0.198098381,2021/12/6 17:28
65.1,0.197823937,2021/12/6 17:28
65.7,0.198373339,2021/12/6 17:28
65.8,0.198491465,2021/12/6 17:28
65.7,0.198373339,2021/12/6 17:28
65.6,0.198373339,2021/12/6 17:28
65.7,0.198925801,2021/12/6 17:28
66.1,0.198925801,2021/12/6 17:28
67.1,0.198985193,2021/12/6 17:28
68.6,0.199044586,2021/12/6 17:28
70.4,0.199481348,2021/12/6 17:28
71.9,0.199600798,2021/12/6 17:28
72.9,0.199600798,2021/12/6 17:28
73.2,0.2,2021/12/6 17:28
72.7,0.199600798,2021/12/6 17:28
71.5,0.199680511,2021/12/6 17:28
70.1,0.200240288,2021/12/6 17:28
68.8,0.200120072,2021/12/6 17:28
68,0.200240288,2021/12/6 17:28
67.4,0.200803213,2021/12/6 17:28
67.1,0.200742766,2021/12/6 17:28
66.7,0.200803213,2021/12/6 17:28
66.1,0.200883889,2021/12/6 17:28
65.2,0.200803213,2021/12/6 17:28
64.5,0.201268007,2021/12/6 17:28
64.3,0.201450443,2021/12/6 17:28
64.8,0.20132877,2021/12/6 17:28
65.8,0.201450443,2021/12/6 17:28
66.9,0.201979398,2021/12/6 17:28
67.8,0.201674141,2021/12/6 17:28
68,0.201979398,2021/12/6 17:28
67.4,0.202101859,2021/12/6 17:28
66.3,0.202265505,2021/12/6 17:28
65.4,0.202101859,2021/12/6 17:28
65,0.202552157,2021/12/6 17:28
65.3,0.202634245,2021/12/6 17:28
66.1,0.202593201,2021/12/6 17:28
67.2,0.202634245,2021/12/6 17:29
68,0.20321073,2021/12/6 17:29
68.2,0.20321073,2021/12/6 17:29
68,0.203293352,2021/12/6 17:29
67.9,0.203458934,2021/12/6 17:29
68,0.203748981,2021/12/6 17:29
68.5,0.203748981,2021/12/6 17:29
69.4,0.203873598,2021/12/6 17:29
70.1,0.203873598,2021/12/6 17:29
70.4,0.203873598,2021/12/6 17:29
69.7,0.204457175,2021/12/6 17:29
68.4,0.204415372,2021/12/6 17:29
66.8,0.204415372,2021/12/6 17:29
65.7,0.204498978,2021/12/6 17:29
65.1,0.204666531,2021/12/6 17:29
65.5,0.204960033,2021/12/6 17:29
66.6,0.205044084,2021/12/6 17:29
67.9,0.205044084,2021/12/6 17:29
68.7,0.205044084,2021/12/6 17:29
68.9,0.205592105,2021/12/6 17:29
68.6,0.205592105,2021/12/6 17:29
67.9,0.205592105,2021/12/6 17:29
67.1,0.205592105,2021/12/6 17:29
66.8,0.206143063,2021/12/6 17:29
67.1,0.205718988,2021/12/6 17:29
68,0.206143063,2021/12/6 17:29
69,0.206270627,2021/12/6 17:29
69.9,0.206270627,2021/12/6 17:29
70.4,0.206270627,2021/12/6 17:29
70.4,0.206761107,2021/12/6 17:29
69.9,0.206270627,2021/12/6 17:29
69.6,0.206825233,2021/12/6 17:29
69.7,0.207253886,2021/12/6 17:29
70.4,0.206953642,2021/12/6 17:29
71.5,0.207382829,2021/12/6 17:29
72.9,0.20746888,2021/12/6 17:29
74.2,0.20746888,2021/12/6 17:29
75,0.20746888,2021/12/6 17:29
75.3,0.208029956,2021/12/6 17:29
75.2,0.208159867,2021/12/6 17:29
75,0.208029956,2021/12/6 17:29
75,0.208159867,2021/12/6 17:29
75.2,0.208463623,2021/12/6 17:29
75.5,0.208376971,2021/12/6 17:29
75.6,0.208594076,2021/12/6 17:29
75,0.208681135,2021/12/6 17:29
73.6,0.208681135,2021/12/6 17:29
71.6,0.208681135,2021/12/6 17:29
69.6,0.209117524,2021/12/6 17:29
68,0.208811861,2021/12/6 17:29
67.3,0.208681135,2021/12/6 17:29
67.6,0.209248797,2021/12/6 17:29
68.8,0.209380235,2021/12/6 17:29
70.4,0.209248797,2021/12/6 17:29
71.5,0.209731553,2021/12/6 17:29
72,0.20977554,2021/12/6 17:29
71.6,0.20977554,2021/12/6 17:29
70.4,0.209907641,2021/12/6 17:29
68.7,0.209907641,2021/12/6 17:29
67.1,0.210482004,2021/12/6 17:29
66.1,0.210482004,2021/12/6 17:30
65.7,0.210482004,2021/12/6 17:30
65.6,0.210482004,2021/12/6 17:30
65.8,0.210570646,2021/12/6 17:30
65.9,0.210726066,2021/12/6 17:30
65.7,0.210948233,2021/12/6 17:30
65.1,0.211014982,2021/12/6 17:30
64.7,0.211148649,2021/12/6 17:30
64.7,0.211148649,2021/12/6 17:30
65.5,0.211148649,2021/12/6 17:30
66.9,0.211505932,2021/12/6 17:30
68.9,0.211774672,2021/12/6 17:30
71,0.211685013,2021/12/6 17:30
72.7,0.212224109,2021/12/6 17:30
73.6,0.211774672,2021/12/6 17:30
73.7,0.212224109,2021/12/6 17:30
73.3,0.212359312,2021/12/6 17:30
72.7,0.212359312,2021/12/6 17:30
72.2,0.212359312,2021/12/6 17:30
72,0.212992545,2021/12/6 17:30
72.3,0.21260775,2021/12/6 17:30
72.8,0.212901852,2021/12/6 17:30
72.5,0.212992545,2021/12/6 17:30
71.6,0.21331058,2021/12/6 17:30
70.2,0.213447172,2021/12/6 17:30
68.3,0.213583938,2021/12/6 17:30
66.4,0.213583938,2021/12/6 17:30
64.6,0.213583938,2021/12/6 17:30
63.3,0.214132762,2021/12/6 17:30
62.5,0.214132762,2021/12/6 17:30
62.2,0.214132762,2021/12/6 17:30
62.6,0.214385371,2021/12/6 17:30
63.3,0.214385371,2021/12/6 17:30
64.1,0.214684414,2021/12/6 17:30
64.9,0.214776632,2021/12/6 17:30
65.4,0.214776632,2021/12/6 17:30
65.7,0.215146309,2021/12/6 17:30
65.6,0.215331611,2021/12/6 17:30
65.4,0.215331611,2021/12/6 17:30
65.4,0.215331611,2021/12/6 17:30
65.7,0.215889465,2021/12/6 17:30
66.1,0.215889465,2021/12/6 17:30
66.8,0.215982721,2021/12/6 17:30
67.5,0.215982721,2021/12/6 17:30
68,0.216216257,2021/12/6 17:30
68.2,0.216543958,2021/12/6 17:30
68.1,0.216543958,2021/12/6 17:30
68,0.216684724,2021/12/6 17:30
68,0.216684724,2021/12/6 17:30
68.1,0.21710812,2021/12/6 17:30
68.6,0.217202433,2021/12/6 17:30
69.4,0.21710812,2021/12/6 17:30
70.5,0.217202433,2021/12/6 17:30
71.5,0.217675229,2021/12/6 17:30
72.4,0.217770035,2021/12/6 17:30
73.1,0.217770035,2021/12/6 17:30
73.6,0.218197687,2021/12/6 17:30
73.7,0.217912399,2021/12/6 17:30
73.5,0.218340611,2021/12/6 17:30
73.2,0.218435998,2021/12/6 17:30
72.7,0.218435998,2021/12/6 17:31
72,0.218435998,2021/12/6 17:31
71.4,0.218866273,2021/12/6 17:31
70.9,0.219010074,2021/12/6 17:31
70.7,0.219010074,2021/12/6 17:31
70.4,0.219010074,2021/12/6 17:31
70.3,0.219106047,2021/12/6 17:31
70.3,0.219538968,2021/12/6 17:31
70.4,0.219683656,2021/12/6 17:31
70.3,0.219683656,2021/12/6 17:31
70.3,0.219683656,2021/12/6 17:31
70.3,0.219683656,2021/12/6 17:31
70.4,0.220215811,2021/12/6 17:31
70.2,0.220215811,2021/12/6 17:31
69.8,0.220361393,2021/12/6 17:31
69,0.220750552,2021/12/6 17:31
68,0.220361393,2021/12/6 17:31
66.8,0.220896841,2021/12/6 17:31
65.8,0.221336875,2021/12/6 17:31
65.4,0.221165675,2021/12/6 17:31
65.7,0.221434898,2021/12/6 17:31
66.3,0.221582096,2021/12/6 17:31
67.2,0.221434898,2021/12/6 17:31
67.8,0.221582096,2021/12/6 17:31
68,0.222024867,2021/12/6 17:31
67.5,0.222024867,2021/12/6 17:31
66.8,0.222123501,2021/12/6 17:31
66,0.222321076,2021/12/6 17:31
65.7,0.222123501,2021/12/6 17:31
65.6,0.222123501,2021/12/6 17:31
65.8,0.222816399,2021/12/6 17:31
65.9,0.223214286,2021/12/6 17:31
65.7,0.222667557,2021/12/6 17:31
64.9,0.222816399,2021/12/6 17:31
64,0.223289073,2021/12/6 17:31
63.4,0.223214286,2021/12/6 17:31
63.4,0.223289073,2021/12/6 17:31
64.1,0.22366361,2021/12/6 17:31
65.4,0.22336386,2021/12/6 17:31
66.9,0.223914017,2021/12/6 17:31
68,0.224014337,2021/12/6 17:31
68.2,0.224014337,2021/12/6 17:31
67.7,0.224014337,2021/12/6 17:31
66.7,0.224567707,2021/12/6 17:31
65.7,0.224567707,2021/12/6 17:31
64.9,0.224567707,2021/12/6 17:31
64.6,0.2247949,2021/12/6 17:31
65,0.225123818,2021/12/6 17:31
65.7,0.225123818,2021/12/6 17:31
66.3,0.22563178,2021/12/6 17:31
66.9,0.225275963,2021/12/6 17:31
67.5,0.22568269,2021/12/6 17:31
68,0.225835592,2021/12/6 17:31
68.5,0.225835592,2021/12/6 17:31
69,0.225835592,2021/12/6 17:31
69.7,0.226500566,2021/12/6 17:31
70.4,0.226423665,2021/12/6 17:31
70.8,0.226346763,2021/12/6 17:31
71.3,0.226500566,2021/12/6 17:31
71.7,0.226911731,2021/12/6 17:31
72.1,0.226911731,2021/12/6 17:32
72.4,0.227066303,2021/12/6 17:32
72.5,0.227066303,2021/12/6 17:32
72.4,0.227066303,2021/12/6 17:32
72.1,0.227583068,2021/12/6 17:32
71.5,0.227738556,2021/12/6 17:32
70.9,0.227583068,2021/12/6 17:32
70.5,0.227738556,2021/12/6 17:32
70.4,0.228050171,2021/12/6 17:32
70.4,0.227738556,2021/12/6 17:32
70.5,0.228154232,2021/12/6 17:32
70.6,0.228258388,2021/12/6 17:32
70.4,0.228258388,2021/12/6 17:32
69.7,0.228258388,2021/12/6 17:32
68.9,0.22864985,2021/12/6 17:32
68.3,0.228832952,2021/12/6 17:32
68,0.228937729,2021/12/6 17:32
68.1,0.228832952,2021/12/6 17:32
68.7,0.229410415,2021/12/6 17:32
69.5,0.228937729,2021/12/6 17:32
70.4,0.229410415,2021/12/6 17:32
70.8,0.229515722,2021/12/6 17:32
70.9,0.229515722,2021/12/6 17:32
70.7,0.229515722,2021/12/6 17:32
70.4,0.230096641,2021/12/6 17:32
70,0.230096641,2021/12/6 17:32
69.8,0.230096641,2021/12/6 17:32
70,0.230361778,2021/12/6 17:32
70.4,0.230202578,2021/12/6 17:32
70.8,0.230627306,2021/12/6 17:32
71.4,0.230973581,2021/12/6 17:32
72,0.230733733,2021/12/6 17:32
72.7,0.230733733,2021/12/6 17:32
73.3,0.23142791,2021/12/6 17:32
74,0.231320842,2021/12/6 17:32
74.6,0.23142791,2021/12/6 17:32
75,0.231857176,2021/12/6 17:32
75.1,0.231910959,2021/12/6 17:32
74.7,0.231964741,2021/12/6 17:32
73.9,0.231964741,2021/12/6 17:32
72.7,0.232396003,2021/12/6 17:32
71.2,0.23255814,2021/12/6 17:32
69.8,0.23255814,2021/12/6 17:32
68.7,0.232747614,2021/12/6 17:32
68,0.232612248,2021/12/6 17:32
67.6,0.232666356,2021/12/6 17:32
67.6,0.233208955,2021/12/6 17:32
67.8,0.233208955,2021/12/6 17:32
68,0.233208955,2021/12/6 17:32
68.1,0.23364486,2021/12/6 17:32
68,0.23364486,2021/12/6 17:32
68,0.233918129,2021/12/6 17:32
68,0.234274364,2021/12/6 17:32
68,0.233918129,2021/12/6 17:32
68,0.234604186,2021/12/6 17:32
68,0.234466589,2021/12/6 17:32
67.9,0.234576589,2021/12/6 17:32
67.8,0.234962419,2021/12/6 17:32
67.8,0.235017626,2021/12/6 17:32
68,0.235183443,2021/12/6 17:32
68.2,0.235100535,2021/12/6 17:33
68.3,0.235515793,2021/12/6 17:33
68.3,0.235183443,2021/12/6 17:33
68,0.23573786,2021/12/6 17:33
67.3,0.236127509,2021/12/6 17:33
66.5,0.236016049,2021/12/6 17:33
65.9,0.236294896,2021/12/6 17:33
65.7,0.236406619,2021/12/6 17:33
66,0.236406619,2021/12/6 17:33
66.9,0.236406619,2021/12/6 17:33
68.5,0.236966825,2021/12/6 17:33
70.4,0.236966825,2021/12/6 17:33
72.1,0.236966825,2021/12/6 17:33
73.5,0.237247924,2021/12/6 17:33
74.6,0.237360551,2021/12/6 17:33
75,0.237529691,2021/12/6 17:33
74.9,0.23786871,2021/12/6 17:33
74.3,0.237642586,2021/12/6 17:33
73.5,0.237642586,2021/12/6 17:33
72.7,0.238095238,2021/12/6 17:33
72,0.238151954,2021/12/6 17:33
71.7,0.238208671,2021/12/6 17:33
71.9,0.238208671,2021/12/6 17:33
72.7,0.238777459,2021/12/6 17:33
73.6,0.238777459,2021/12/6 17:33
74.5,0.238777459,2021/12/6 17:33
75,0.239291697,2021/12/6 17:33
75,0.239291697,2021/12/6 17:33
74.5,0.239463602,2021/12/6 17:33
73.7,0.239722009,2021/12/6 17:33
73.1,0.239463602,2021/12/6 17:33
72.7,0.239980802,2021/12/6 17:33
72.6,0.240298056,2021/12/6 17:33
72.7,0.239980802,2021/12/6 17:33
72.8,0.240153698,2021/12/6 17:33
72.7,0.240558095,2021/12/6 17:33
72.4,0.240673887,2021/12/6 17:33
72,0.240673887,2021/12/6 17:33
72.1,0.241370987,2021/12/6 17:33
72.7,0.241254524,2021/12/6 17:33
73.8,0.241370987,2021/12/6 17:33
75.2,0.241662639,2021/12/6 17:33
76.5,0.241954996,2021/12/6 17:33
77.4,0.241954996,2021/12/6 17:33
77.5,0.241954996,2021/12/6 17:33
76.9,0.242483026,2021/12/6 17:33
76,0.242424257,2021/12/6 17:33
75,0.242571287,2021/12/6 17:33
74.2,0.24301338,2021/12/6 17:33
73.6,0.243072436,2021/12/6 17:33
73.1,0.243072436,2021/12/6 17:33
72.7,0.243190661,2021/12/6 17:33
72,0.243190661,2021/12/6 17:33
71.3,0.243457181,2021/12/6 17:33
70.7,0.24378352,2021/12/6 17:33
70.4,0.24378352,2021/12/6 17:33
70.2,0.243902439,2021/12/6 17:33
70.2,0.24431957,2021/12/6 17:33
70.4,0.244379291,2021/12/6 17:33
70.4,0.244439012,2021/12/6 17:33
69.9,0.244977952,2021/12/6 17:34
69.2,0.244439012,2021/12/6 17:34
68.5,0.244977952,2021/12/6 17:34
68,0.245579568,2021/12/6 17:34
67.9,0.245158127,2021/12/6 17:34
68.4,0.245579568,2021/12/6 17:34
69.3,0.245700246,2021/12/6 17:34
70.4,0.245700246,2021/12/6 17:34
71,0.246123554,2021/12/6 17:34
71.2,0.246426811,2021/12/6 17:34
71,0.246426811,2021/12/6 17:34
70.4,0.246426811,2021/12/6 17:34
69.6,0.246974562,2021/12/6 17:34
69.3,0.246974562,2021/12/6 17:34
69.5,0.246974562,2021/12/6 17:34
70.4,0.246974562,2021/12/6 17:34
71.4,0.247524752,2021/12/6 17:34
72.3,0.247524752,2021/12/6 17:34
72.8,0.24764735,2021/12/6 17:34
72.7,0.2480774,2021/12/6 17:34
71.9,0.247800863,2021/12/6 17:34
70.9,0.248200546,2021/12/6 17:34
70.2,0.248632521,2021/12/6 17:34
70.4,0.248323814,2021/12/6 17:34
71.3,0.248756219,2021/12/6 17:34
73.1,0.249252259,2021/12/6 17:34
75.3,0.249252259,2021/12/6 17:34
77.4,0.249500998,2021/12/6 17:34
78.6,0.249750312,2021/12/6 17:34
79,0.25,2021/12/6 17:34
78.4,0.250187641,2021/12/6 17:34
77.4,0.250187641,2021/12/6 17:34
76.1,0.250563768,2021/12/6 17:34
75.2,0.250250266,2021/12/6 17:34
74.9,0.250752257,2021/12/6 17:34
75,0.250878073,2021/12/6 17:34
75.3,0.251319427,2021/12/6 17:34
75.6,0.251319427,2021/12/6 17:34
75.5,0.251762352,2021/12/6 17:34
75,0.251572327,2021/12/6 17:34
74,0.252016129,2021/12/6 17:34
72.9,0.252016129,2021/12/6 17:34
71.8,0.252016129,2021/12/6 17:34
71.1,0.252143217,2021/12/6 17:34
70.6,0.252716705,2021/12/6 17:34
70.4,0.252716705,2021/12/6 17:34
70.3,0.252716705,2021/12/6 17:34
70.4,0.253421186,2021/12/6 17:34
70.2,0.253228665,2021/12/6 17:34
70.1,0.253228665,2021/12/6 17:34
70.2,0.253807107,2021/12/6 17:34
70.4,0.253807107,2021/12/6 17:34
70.5,0.253807107,2021/12/6 17:34
70.7,0.253936008,2021/12/6 17:34
70.7,0.254388196,2021/12/6 17:34
70.4,0.254388196,2021/12/6 17:34
69.6,0.254452943,2021/12/6 17:34
68.8,0.254647313,2021/12/6 17:34
68.2,0.254647313,2021/12/6 17:34
68,0.255102041,2021/12/6 17:34
68.2,0.255102041,2021/12/6 17:35
68.9,0.255102041,2021/12/6 17:35
69.7,0.255232261,2021/12/6 17:35
70.4,0.255754476,2021/12/6 17:35
70.6,0.255754476,2021/12/6 17:35
70.6,0.255950857,2021/12/6 17:35
70.5,0.256344527,2021/12/6 17:35
70.4,0.256344527,2021/12/6 17:35
70.3,0.256476019,2021/12/6 17:35
70.4,0.256970358,2021/12/6 17:35
70.4,0.256607714,2021/12/6 17:35
70.4,0.257069409,2021/12/6 17:35
69.9,0.257400274,2021/12/6 17:35
69.2,0.257201646,2021/12/6 17:35
68.5,0.257532853,2021/12/6 17:35
68,0.257731959,2021/12/6 17:35
67.7,0.257731959,2021/12/6 17:35
67.7,0.257731959,2021/12/6 17:35
67.9,0.258197779,2021/12/6 17:35
68,0.258197779,2021/12/6 17:35
67.8,0.258331181,2021/12/6 17:35
67.2,0.25846472,2021/12/6 17:35
66.4,0.258933213,2021/12/6 17:35
65.7,0.258866166,2021/12/6 17:35
65,0.259000259,2021/12/6 17:35
64.7,0.25947068,2021/12/6 17:35
65,0.2596054,2021/12/6 17:35
66.4,0.2600104,2021/12/6 17:35
67.2,0.260145682,2021/12/6 17:35
67.7,0.260145682,2021/12/6 17:35
68,0.260416737,2021/12/6 17:35
68,0.260281104,2021/12/6 17:35
67.9,0.260688217,2021/12/6 17:35
67.9,0.260824204,2021/12/6 17:35
68,0.260824204,2021/12/6 17:35
68.2,0.260824204,2021/12/6 17:35
68.3,0.261437908,2021/12/6 17:35
68.3,0.26157468,2021/12/6 17:35
68,0.26157468,2021/12/6 17:35
67.3,0.26157468,2021/12/6 17:35
66.5,0.262123198,2021/12/6 17:35
65.9,0.262123198,2021/12/6 17:35
65.7,0.262260687,2021/12/6 17:35
66,0.262674022,2021/12/6 17:35
67,0.262674022,2021/12/6 17:35
68.5,0.262812089,2021/12/6 17:35
70.4,0.262950375,2021/12/6 17:35
72,0.263227165,2021/12/6 17:35
73.5,0.263365815,2021/12/6 17:35
74.5,0.263504685,2021/12/6 17:35
75,0.263365815,2021/12/6 17:35
75,0.263574064,2021/12/6 17:35
74.5,0.264131009,2021/12/6 17:35
73.7,0.264061281,2021/12/6 17:35
72.7,0.264131009,2021/12/6 17:35
71.7,0.264550265,2021/12/6 17:35
70.8,0.264690312,2021/12/6 17:35
70.4,0.264690312,2021/12/6 17:35
70.4,0.265322385,2021/12/6 17:35
70.4,0.265251989,2021/12/6 17:35
70.6,0.265251989,2021/12/6 17:36
70.6,0.265392781,2021/12/6 17:36
70.4,0.265957447,2021/12/6 17:36
69.7,0.265957447,2021/12/6 17:36
69,0.265957447,2021/12/6 17:36
68.3,0.266453523,2021/12/6 17:36
68,0.266098989,2021/12/6 17:36
67.9,0.26652452,2021/12/6 17:36
68,0.266951415,2021/12/6 17:36
68.1,0.266666667,2021/12/6 17:36
68,0.267165394,2021/12/6 17:36
67.5,0.267594346,2021/12/6 17:36
66.8,0.267236772,2021/12/6 17:36
66.1,0.267236772,2021/12/6 17:36
65.7,0.26795284,2021/12/6 17:36
65.6,0.26788108,2021/12/6 17:36
66.1,0.26795284,2021/12/6 17:36
67,0.268384326,2021/12/6 17:36
68,0.268528464,2021/12/6 17:36
68.6,0.268528464,2021/12/6 17:36
68.8,0.268781122,2021/12/6 17:36
68.6,0.268528464,2021/12/6 17:36
68,0.269106566,2021/12/6 17:36
67.3,0.269251481,2021/12/6 17:36
67,0.269251481,2021/12/6 17:36
67.2,0.269251481,2021/12/6 17:36
68,0.269759914,2021/12/6 17:36
69.2,0.269832723,2021/12/6 17:36
70.6,0.270124435,2021/12/6 17:36
71.9,0.270343336,2021/12/6 17:36
72.7,0.270782562,2021/12/6 17:36
72.8,0.270489586,2021/12/6 17:36
72.3,0.27100273,2021/12/6 17:36
71.4,0.271149695,2021/12/6 17:36
70.4,0.271223217,2021/12/6 17:36
69.2,0.271407292,2021/12/6 17:36
68.4,0.271812993,2021/12/6 17:36
68.1,0.271812993,2021/12/6 17:36
68,0.271812993,2021/12/6 17:36
68,0.272182907,2021/12/6 17:36
68.1,0.272331155,2021/12/6 17:36
68.1,0.272331155,2021/12/6 17:36
68,0.272702502,2021/12/6 17:36
67.8,0.272925764,2021/12/6 17:36
67.6,0.273074823,2021/12/6 17:36
67.7,0.273074823,2021/12/6 17:36
68,0.273448182,2021/12/6 17:36
68.2,0.273672687,2021/12/6 17:36
68.4,0.273672687,2021/12/6 17:36
68.3,0.274047684,2021/12/6 17:36
68,0.274197971,2021/12/6 17:36
67.5,0.274197971,2021/12/6 17:36
67.2,0.274649821,2021/12/6 17:36
67.3,0.274348422,2021/12/6 17:36
68,0.274951883,2021/12/6 17:36
69.1,0.274951883,2021/12/6 17:36
70.6,0.275027524,2021/12/6 17:36
71.9,0.274951883,2021/12/6 17:36
72.7,0.275633958,2021/12/6 17:36
72.7,0.275482094,2021/12/6 17:36
72.1,0.275633958,2021/12/6 17:37
71.2,0.276243094,2021/12/6 17:37
70.4,0.276166826,2021/12/6 17:37
69.7,0.276243094,2021/12/6 17:37
69.6,0.276778301,2021/12/6 17:37
69.9,0.276778301,2021/12/6 17:37
70.4,0.276854949,2021/12/6 17:37
70.7,0.27704673,2021/12/6 17:37
70.8,0.276931598,2021/12/6 17:37
70.7,0.277469478,2021/12/6 17:37
70.4,0.277469478,2021/12/6 17:37
70,0.277469478,2021/12/6 17:37
69.8,0.277893572,2021/12/6 17:37
69.9,0.278164138,2021/12/6 17:37
70.4,0.278629145,2021/12/6 17:37
70.9,0.278241514,2021/12/6 17:37
71.6,0.278241514,2021/12/6 17:37
72.2,0.2787845,2021/12/6 17:37
72.7,0.2787845,2021/12/6 17:37
72.8,0.279056837,2021/12/6 17:37
72.7,0.279329609,2021/12/6 17:37
72.4,0.279485746,2021/12/6 17:37
72.2,0.279485746,2021/12/6 17:37
72.1,0.279955207,2021/12/6 17:37
72.6,0.279955207,2021/12/6 17:37
73.6,0.280269058,2021/12/6 17:37
75,0.280662363,2021/12/6 17:37
76.2,0.280662363,2021/12/6 17:37
76.9,0.280662363,2021/12/6 17:37
76.5,0.280819994,2021/12/6 17:37
75,0.280819994,2021/12/6 17:37
72.6,0.280819994,2021/12/6 17:37
69.8,0.281373101,2021/12/6 17:37
67.3,0.281531532,2021/12/6 17:37
65.7,0.281531532,2021/12/6 17:37
64.9,0.28192839,2021/12/6 17:37
65,0.282087447,2021/12/6 17:37
65.4,0.282087447,2021/12/6 17:37
65.7,0.282087447,2021/12/6 17:37
65.4,0.282565719,2021/12/6 17:37
64.6,0.282645562,2021/12/6 17:37
63.8,0.282645562,2021/12/6 17:37
63.3,0.283205891,2021/12/6 17:37
63.3,0.283205891,2021/12/6 17:37
63.8,0.283366393,2021/12/6 17:37
64.7,0.283366393,2021/12/6 17:37
65.7,0.283366393,2021/12/6 17:37
66.2,0.283567419,2021/12/6 17:37
66.2,0.283929585,2021/12/6 17:37
66,0.283929585,2021/12/6 17:37
65.7,0.283929585,2021/12/6 17:37
65.5,0.284738041,2021/12/6 17:37
65.9,0.284738041,2021/12/6 17:37
66.7,0.284738041,2021/12/6 17:37
68,0.285306705,2021/12/6 17:37
69.3,0.285306705,2021/12/6 17:37
70.6,0.285306705,2021/12/6 17:37
71.7,0.285306705,2021/12/6 17:37
72.7,0.285959394,2021/12/6 17:37
73.4,0.285795942,2021/12/6 17:37
74.5,0.286368843,2021/12/6 17:38
75,0.285959394,2021/12/6 17:38
75.5,0.286532951,2021/12/6 17:38
76.1,0.286944046,2021/12/6 17:38
76.7,0.286532951,2021/12/6 17:38
77.4,0.287108814,2021/12/6 17:38
77.8,0.287397668,2021/12/6 17:38
78,0.287273772,2021/12/6 17:38
77.9,0.287852619,2021/12/6 17:38
77.4,0.288018433,2021/12/6 17:38
76.5,0.287852619,2021/12/6 17:38
75.7,0.287935526,2021/12/6 17:38
75.2,0.288600289,2021/12/6 17:38
75,0.288433804,2021/12/6 17:38
75.1,0.288600289,2021/12/6 17:38
75.4,0.288933858,2021/12/6 17:38
75.4,0.289017341,2021/12/6 17:38
75,0.28910092,2021/12/6 17:38
74.1,0.2891845,2021/12/6 17:38
72.8,0.289771081,2021/12/6 17:38
71.5,0.289771081,2021/12/6 17:38
70.4,0.289939113,2021/12/6 17:38
69.4,0.290275762,2021/12/6 17:38
68.7,0.29044438,2021/12/6 17:38
68.3,0.29044438,2021/12/6 17:38
68,0.290739988,2021/12/6 17:38
67.8,0.290951436,2021/12/6 17:38
68,0.291036088,2021/12/6 17:38
68.8,0.291332903,2021/12/6 17:38
70.4,0.291205591,2021/12/6 17:38
72.4,0.291630213,2021/12/6 17:38
74.6,0.291970803,2021/12/6 17:38
76.6,0.291970803,2021/12/6 17:38
77.8,0.292312189,2021/12/6 17:38
77.9,0.292312189,2021/12/6 17:38
77.3,0.292483182,2021/12/6 17:38
76.4,0.292483182,2021/12/6 17:38
75.5,0.292911541,2021/12/6 17:38
74.9,0.292911541,2021/12/6 17:38
74.7,0.293083236,2021/12/6 17:38
74.9,0.293255132,2021/12/6 17:38
75,0.293685756,2021/12/6 17:38
74.8,0.293685756,2021/12/6 17:38
74.2,0.29385836,2021/12/6 17:38
73.4,0.294204178,2021/12/6 17:38
72.7,0.29385836,2021/12/6 17:38
72.1,0.294377392,2021/12/6 17:38
72,0.294811321,2021/12/6 17:38
72.2,0.29455081,2021/12/6 17:38
72.7,0.29455081,2021/12/6 17:38
73.2,0.295159386,2021/12/6 17:38
73.7,0.294985251,2021/12/6 17:38
74.3,0.295159386,2021/12/6 17:38
75,0.295683028,2021/12/6 17:38
75.7,0.295683028,2021/12/6 17:38
76.5,0.295683028,2021/12/6 17:38
77.1,0.296296296,2021/12/6 17:38
77.4,0.296296296,2021/12/6 17:38
77.2,0.296471983,2021/12/6 17:38
76.6,0.296471983,2021/12/6 17:38
75.9,0.296471983,2021/12/6 17:39
75,0.297000297,2021/12/6 17:39
74.2,0.297000297,2021/12/6 17:39
73.6,0.297000297,2021/12/6 17:39
73.1,0.297000297,2021/12/6 17:39
72.7,0.297000297,2021/12/6 17:39
72.2,0.297796307,2021/12/6 17:39
71.5,0.297796307,2021/12/6 17:39
70.9,0.297707677,2021/12/6 17:39
70.4,0.298329356,2021/12/6 17:39
69.9,0.298329356,2021/12/6 17:39
69.7,0.298329356,2021/12/6 17:39
69.9,0.298775022,2021/12/6 17:39
70.4,0.298329356,2021/12/6 17:39
70.9,0.298864316,2021/12/6 17:39
71.6,0.299132542,2021/12/6 17:39
72.2,0.299043062,2021/12/6 17:39
72.7,0.299043062,2021/12/6 17:39
72.9,0.299490866,2021/12/6 17:39
72.9,0.299670363,2021/12/6 17:39
72.9,0.299670363,2021/12/6 17:39
72.7,0.299850075,2021/12/6 17:39
72.3,0.299850075,2021/12/6 17:39
71.8,0.300210147,2021/12/6 17:39
71.1,0.300300327,2021/12/6 17:39
70.4,0.300390508,2021/12/6 17:39
69.4,0.300390508,2021/12/6 17:39
68.6,0.300390508,2021/12/6 17:39
68.1,0.300932892,2021/12/6 17:39
68,0.300932892,2021/12/6 17:39
68.3,0.300932892,2021/12/6 17:39
68.9,0.301386377,2021/12/6 17:39
69.6,0.301568154,2021/12/6 17:39
70.4,0.301568154,2021/12/6 17:39
70.7,0.301841259,2021/12/6 17:39
70.8,0.301750151,2021/12/6 17:39
70.6,0.301750151,2021/12/6 17:39
70.4,0.302297461,2021/12/6 17:39
70,0.302297461,2021/12/6 17:39
69.9,0.302297461,2021/12/6 17:39
70.1,0.30284676,2021/12/6 17:39
70.4,0.30284676,2021/12/6 17:39
70.6,0.30284676,2021/12/6 17:39
70.7,0.303030303,2021/12/6 17:39
70.6,0.303030303,2021/12/6 17:39
70.4,0.303582271,2021/12/6 17:39
69.8,0.303582271,2021/12/6 17:39
69.1,0.303766707,2021/12/6 17:39
68.5,0.303582271,2021/12/6 17:39
68,0.303582271,2021/12/6 17:39
67.7,0.304136253,2021/12/6 17:39
67.6,0.304136253,2021/12/6 17:39
67.7,0.304321363,2021/12/6 17:39
68,0.304878049,2021/12/6 17:39
68.2,0.304321363,2021/12/6 17:39
68.2,0.304785126,2021/12/6 17:39
68.2,0.304878049,2021/12/6 17:39
68,0.304878049,2021/12/6 17:39
67.7,0.305064063,2021/12/6 17:39
67.6,0.305623472,2021/12/6 17:39
67.7,0.305623472,2021/12/6 17:40
68,0.305623472,2021/12/6 17:40
68.5,0.306278714,2021/12/6 17:40
69,0.305623472,2021/12/6 17:40
69.6,0.306184964,2021/12/6 17:40
70.1,0.3066544,2021/12/6 17:40
70.2,0.306278714,2021/12/6 17:40
70.2,0.30703101,2021/12/6 17:40
70.2,0.30703101,2021/12/6 17:40
70.4,0.30703101,2021/12/6 17:40
70.6,0.30703101,2021/12/6 17:40
71.1,0.307408546,2021/12/6 17:40
71.8,0.307503104,2021/12/6 17:40
72.7,0.307597662,2021/12/6 17:40
73.5,0.307597662,2021/12/6 17:40
74.2,0.30816641,2021/12/6 17:40
74.8,0.30816641,2021/12/6 17:40
75,0.30835646,2021/12/6 17:40
74.8,0.308451602,2021/12/6 17:40
74.3,0.308261435,2021/12/6 17:40
73.6,0.30892802,2021/12/6 17:40
72.7,0.30892802,2021/12/6 17:40
71.7,0.30892802,2021/12/6 17:40
70.9,0.30892802,2021/12/6 17:40
70.5,0.309501702,2021/12/6 17:40
70.4,0.309023486,2021/12/6 17:40
70.4,0.309549613,2021/12/6 17:40
70.5,0.309885342,2021/12/6 17:40
70.6,0.309597523,2021/12/6 17:40
70.4,0.310077519,2021/12/6 17:40
69.7,0.310173697,2021/12/6 17:40
69,0.310173697,2021/12/6 17:40
68.3,0.310510858,2021/12/6 17:40
68.2,0.31075202,2021/12/6 17:40
69.1,0.310945274,2021/12/6 17:40
70.7,0.310945274,2021/12/6 17:40
72.7,0.31152648,2021/12/6 17:40
74.6,0.31152648,2021/12/6 17:40
76.2,0.31152648,2021/12/6 17:40
77.2,0.312109863,2021/12/6 17:40
77.4,0.312304809,2021/12/6 17:40
76.7,0.312304809,2021/12/6 17:40
75.5,0.312695435,2021/12/6 17:40
74.1,0.312304809,2021/12/6 17:40
72.7,0.312891114,2021/12/6 17:40
71.5,0.313087038,2021/12/6 17:40
70.8,0.312891114,2021/12/6 17:40
70.4,0.312891114,2021/12/6 17:40
70.4,0.313479624,2021/12/6 17:40
70.3,0.313676286,2021/12/6 17:40
70.4,0.313676286,2021/12/6 17:40
70.4,0.314070352,2021/12/6 17:40
70.4,0.314169023,2021/12/6 17:40
70.2,0.314169023,2021/12/6 17:40
70.1,0.314169023,2021/12/6 17:40
70.1,0.31421839,2021/12/6 17:40
70.4,0.314762354,2021/12/6 17:40
70.8,0.314762354,2021/12/6 17:40
71.5,0.31496063,2021/12/6 17:40
72.5,0.314762354,2021/12/6 17:40
73.5,0.31496063,2021/12/6 17:41
74.2,0.315556958,2021/12/6 17:41
74.6,0.315556958,2021/12/6 17:41
74.3,0.315756236,2021/12/6 17:41
73.5,0.316155549,2021/12/6 17:41
72,0.316255534,2021/12/6 17:41
70.4,0.316205542,2021/12/6 17:41
69,0.316255534,2021/12/6 17:41
68,0.316255534,2021/12/6 17:41
67.5,0.316255534,2021/12/6 17:41
67.5,0.316656111,2021/12/6 17:41
67.8,0.316856781,2021/12/6 17:41
68,0.316856781,2021/12/6 17:41
67.8,0.317258883,2021/12/6 17:41
67.3,0.316856781,2021/12/6 17:41
66.5,0.317460317,2021/12/6 17:41
65.7,0.317662008,2021/12/6 17:41
65,0.317712478,2021/12/6 17:41
64.9,0.318167356,2021/12/6 17:41
65.4,0.318167356,2021/12/6 17:41
66.5,0.318167356,2021/12/6 17:41
67.8,0.318167356,2021/12/6 17:41
69,0.318369946,2021/12/6 17:41
69.9,0.318877583,2021/12/6 17:41
70.4,0.318979266,2021/12/6 17:41
70.1,0.318979266,2021/12/6 17:41
69.5,0.319590924,2021/12/6 17:41
68.7,0.318979266,2021/12/6 17:41
68,0.319590924,2021/12/6 17:41
67.5,0.319693095,2021/12/6 17:41
67.4,0.319590924,2021/12/6 17:41
67.6,0.319590924,2021/12/6 17:41
68,0.320102433,2021/12/6 17:41
68.3,0.320307495,2021/12/6 17:41
68.4,0.320307495,2021/12/6 17:41
68.3,0.320512952,2021/12/6 17:41
68,0.320307495,2021/12/6 17:41
67.6,0.320924262,2021/12/6 17:41
67.4,0.320924262,2021/12/6 17:41
67.5,0.320924262,2021/12/6 17:41
68,0.321027287,2021/12/6 17:41
68.8,0.321440051,2021/12/6 17:41
70,0.321646832,2021/12/6 17:41
71.4,0.321646832,2021/12/6 17:41
72.7,0.321646832,2021/12/6 17:41
73.7,0.322268772,2021/12/6 17:41
74.4,0.322268772,2021/12/6 17:41
74.9,0.322372663,2021/12/6 17:41
75,0.322580645,2021/12/6 17:41
74.9,0.322893156,2021/12/6 17:41
74.8,0.322997416,2021/12/6 17:41
74.8,0.323415265,2021/12/6 17:41
75,0.322997416,2021/12/6 17:41
75.4,0.323519896,2021/12/6 17:41
76,0.323729362,2021/12/6 17:41
76.7,0.323624629,2021/12/6 17:41
77.4,0.323729362,2021/12/6 17:41
77.8,0.32435939,2021/12/6 17:41
78,0.324254249,2021/12/6 17:41
77.8,0.324464668,2021/12/6 17:41
77.4,0.324675325,2021/12/6 17:42
76.7,0.32488629,2021/12/6 17:42
76,0.32488629,2021/12/6 17:42
75.4,0.32488629,2021/12/6 17:42
75,0.325520833,2021/12/6 17:42
74.6,0.325520833,2021/12/6 17:42
74.2,0.325626832,2021/12/6 17:42
73.6,0.325626832,2021/12/6 17:42
72.7,0.325626832,2021/12/6 17:42
71.4,0.326264274,2021/12/6 17:42
70.1,0.32647731,2021/12/6 17:42
68.8,0.32647731,2021/12/6 17:42
68,0.326370792,2021/12/6 17:42
67.5,0.326797386,2021/12/6 17:42
67.5,0.327011118,2021/12/6 17:42
67.7,0.327011118,2021/12/6 17:42
68,0.327439424,2021/12/6 17:42
68.1,0.32749305,2021/12/6 17:42
68.2,0.327546675,2021/12/6 17:42
68.1,0.32776139,2021/12/6 17:42
68,0.32776139,2021/12/6 17:42
67.9,0.32776139,2021/12/6 17:42
67.9,0.328407225,2021/12/6 17:42
67.9,0.328407225,2021/12/6 17:42
68,0.328407225,2021/12/6 17:42
67.9,0.328731098,2021/12/6 17:42
67.9,0.328947368,2021/12/6 17:42
67.9,0.328947368,2021/12/6 17:42
68,0.329163924,2021/12/6 17:42
68.2,0.329706561,2021/12/6 17:42
68.7,0.329706561,2021/12/6 17:42
69.5,0.329706561,2021/12/6 17:42
70.4,0.330250991,2021/12/6 17:42
71.1,0.330250991,2021/12/6 17:42
71.8,0.330250991,2021/12/6 17:42
72.3,0.330906684,2021/12/6 17:42
72.7,0.330906684,2021/12/6 17:42
72.8,0.33101622,2021/12/6 17:42
72.9,0.331455088,2021/12/6 17:42
72.8,0.331674959,2021/12/6 17:42
72.7,0.331674959,2021/12/6 17:42
72.3,0.332005312,2021/12/6 17:42
71.7,0.331895121,2021/12/6 17:42
71,0.332446809,2021/12/6 17:42
70.4,0.332446809,2021/12/6 17:42
69.7,0.332446809,2021/12/6 17:42
69.4,0.333000333,2021/12/6 17:42
69.7,0.333000333,2021/12/6 17:42
70.4,0.333222259,2021/12/6 17:42
71.2,0.333222259,2021/12/6 17:42
72.1,0.333555704,2021/12/6 17:42
72.6,0.333778371,2021/12/6 17:42
72.7,0.333778371,2021/12/6 17:42
72.2,0.334336342,2021/12/6 17:42
71.4,0.334336342,2021/12/6 17:42
70.7,0.334560054,2021/12/6 17:42
70.4,0.335120643,2021/12/6 17:42
70.4,0.335233025,2021/12/6 17:42
71,0.335120643,2021/12/6 17:42
71.9,0.335120643,2021/12/6 17:42
72.7,0.335626792,2021/12/6 17:43
73.1,0.335683115,2021/12/6 17:43
73.2,0.336021543,2021/12/6 17:43
73,0.336473755,2021/12/6 17:43
72.7,0.336473755,2021/12/6 17:43
72.4,0.336473755,2021/12/6 17:43
72.4,0.337040782,2021/12/6 17:43
72.7,0.337040782,2021/12/6 17:43
72.9,0.337609723,2021/12/6 17:43
72.9,0.337837838,2021/12/6 17:43
72.8,0.337837838,2021/12/6 17:43
72.7,0.338409475,2021/12/6 17:43
72.5,0.338409475,2021/12/6 17:43
72.4,0.338409475,2021/12/6 17:43
72.5,0.338983051,2021/12/6 17:43
72.7,0.338983051,2021/12/6 17:43
72.9,0.339213026,2021/12/6 17:43
73,0.339213026,2021/12/6 17:43
73,0.339558574,2021/12/6 17:43
72.7,0.339789331,2021/12/6 17:43
72.1,0.339789331,2021/12/6 17:43
71.4,0.340367597,2021/12/6 17:43
70.8,0.340599455,2021/12/6 17:43
70.4,0.340599455,2021/12/6 17:43
70,0.340947835,2021/12/6 17:43
70,0.341180484,2021/12/6 17:43
70.1,0.341180484,2021/12/6 17:43
70.4,0.341646777,2021/12/6 17:43
70.5,0.3417635,2021/12/6 17:43
70.5,0.3417635,2021/12/6 17:43
70.5,0.341880342,2021/12/6 17:43
70.4,0.342348511,2021/12/6 17:43
69.9,0.342465753,2021/12/6 17:43
69.4,0.342465753,2021/12/6 17:43
68.8,0.343053173,2021/12/6 17:43
68,0.343053173,2021/12/6 17:43
67.1,0.343288706,2021/12/6 17:43
66.4,0.343760783,2021/12/6 17:43
65.9,0.343878955,2021/12/6 17:43
65.7,0.343878955,2021/12/6 17:43
65.6,0.344471237,2021/12/6 17:43
65.6,0.344708721,2021/12/6 17:43
65.7,0.344471237,2021/12/6 17:43
65.7,0.345065562,2021/12/6 17:43
65.5,0.345303867,2021/12/6 17:43
65.3,0.345303867,2021/12/6 17:43
65.3,0.345781466,2021/12/6 17:43
65.7,0.346020761,2021/12/6 17:43
66.2,0.346020761,2021/12/6 17:43
66.8,0.346620451,2021/12/6 17:43
67.5,0.346620451,2021/12/6 17:43
68,0.346620451,2021/12/6 17:43
68.1,0.347222222,2021/12/6 17:43
68,0.347222222,2021/12/6 17:43
67.9,0.347463516,2021/12/6 17:43
68,0.347886599,2021/12/6 17:43
68.2,0.347947112,2021/12/6 17:43
68.8,0.347947112,2021/12/6 17:43
69.5,0.348432098,2021/12/6 17:43
70.4,0.348675077,2021/12/6 17:43
71,0.348796652,2021/12/6 17:44
71.5,0.348796652,2021/12/6 17:44
72.1,0.34940601,2021/12/6 17:44
72.7,0.34940601,2021/12/6 17:44
73.5,0.34940601,2021/12/6 17:44
74.5,0.350140056,2021/12/6 17:44
75.9,0.350140056,2021/12/6 17:44
77.4,0.350140056,2021/12/6 17:44
78.6,0.350754121,2021/12/6 17:44
79.5,0.350754121,2021/12/6 17:44
79.8,0.351370344,2021/12/6 17:44
79.7,0.351370344,2021/12/6 17:44
79.1,0.351493849,2021/12/6 17:44
78.4,0.352112676,2021/12/6 17:44
77.8,0.35229876,2021/12/6 17:44
77.4,0.352360817,2021/12/6 17:44
77,0.352733686,2021/12/6 17:44
76.6,0.352858151,2021/12/6 17:44
75.9,0.352858151,2021/12/6 17:44
75,0.352858151,2021/12/6 17:44
73.7,0.353481796,2021/12/6 17:44
72.4,0.353857042,2021/12/6 17:44
71.1,0.354107649,2021/12/6 17:44
70.4,0.354107649,2021/12/6 17:44
69.9,0.354547077,2021/12/6 17:44
70,0.354609929,2021/12/6 17:44
70.2,0.354861604,2021/12/6 17:44
70.4,0.355492357,2021/12/6 17:44
70.1,0.355492357,2021/12/6 17:44
69.5,0.355618777,2021/12/6 17:44
68.8,0.356252227,2021/12/6 17:44
68,0.356252227,2021/12/6 17:44
67.4,0.356252227,2021/12/6 17:44
67.2,0.356951644,2021/12/6 17:44
67.4,0.357015352,2021/12/6 17:44
68,0.357015352,2021/12/6 17:44
68.6,0.357653791,2021/12/6 17:44
69.3,0.357653791,2021/12/6 17:44
69.8,0.357781753,2021/12/6 17:44
70.4,0.358422939,2021/12/6 17:44
70.7,0.358422939,2021/12/6 17:44
71.2,0.358422939,2021/12/6 17:44
71.9,0.359066427,2021/12/6 17:44
72.7,0.359195402,2021/12/6 17:44
73.5,0.359195402,2021/12/6 17:44
74.2,0.359582884,2021/12/6 17:44
74.8,0.360230548,2021/12/6 17:44
75,0.35984167,2021/12/6 17:44
74.8,0.36036036,2021/12/6 17:44
74.3,0.36036036,2021/12/6 17:44
73.5,0.36036036,2021/12/6 17:44
72.7,0.360750361,2021/12/6 17:44
71.8,0.361141206,2021/12/6 17:44
71,0.36101083,2021/12/6 17:44
70.6,0.361141206,2021/12/6 17:44
70.4,0.361532899,2021/12/6 17:44
70.2,0.361794501,2021/12/6 17:44
70.2,0.361794501,2021/12/6 17:44
70.3,0.362581581,2021/12/6 17:44
70.4,0.362318841,2021/12/6 17:44
70.3,0.362581581,2021/12/6 17:45
70.3,0.363108206,2021/12/6 17:45
70.4,0.363108206,2021/12/6 17:45
70.4,0.363768643,2021/12/6 17:45
70.1,0.363768643,2021/12/6 17:45
69.7,0.364033491,2021/12/6 17:45
69,0.364033491,2021/12/6 17:45
68,0.364298725,2021/12/6 17:45
66.7,0.364564346,2021/12/6 17:45
65.4,0.364564346,2021/12/6 17:45
64.2,0.364564346,2021/12/6 17:45
63.3,0.365096751,2021/12/6 17:45
62.8,0.365363537,2021/12/6 17:45
62.6,0.365764448,2021/12/6 17:45
62.8,0.365831364,2021/12/6 17:45
63.3,0.36589828,2021/12/6 17:45
63.8,0.36589828,2021/12/6 17:45
64.4,0.366703337,2021/12/6 17:45
65.1,0.366568915,2021/12/6 17:45
65.7,0.366703337,2021/12/6 17:45
66,0.367107195,2021/12/6 17:45
66.1,0.367376929,2021/12/6 17:45
66,0.367376929,2021/12/6 17:45
65.7,0.367917586,2021/12/6 17:45
65.1,0.368188513,2021/12/6 17:45
64.8,0.368188513,2021/12/6 17:45
65,0.368188513,2021/12/6 17:45
65.7,0.368731563,2021/12/6 17:45
66.7,0.368731563,2021/12/6 17:45
68.1,0.36900369,2021/12/6 17:45
69.4,0.369276219,2021/12/6 17:45
70.4,0.369412684,2021/12/6 17:45
70.7,0.36954915,2021/12/6 17:45
70.6,0.369959304,2021/12/6 17:45
70.4,0.369822536,2021/12/6 17:45
70.4,0.370096225,2021/12/6 17:45
70.5,0.370507595,2021/12/6 17:45
71,0.370782351,2021/12/6 17:45
71.8,0.370782351,2021/12/6 17:45
73.2,0.371471025,2021/12/6 17:45
73.4,0.371471025,2021/12/6 17:45
73.2,0.371471025,2021/12/6 17:45
72.7,0.371747212,2021/12/6 17:45
72,0.372162263,2021/12/6 17:45
71.3,0.372439479,2021/12/6 17:45
70.7,0.372300819,2021/12/6 17:45
70.4,0.372717108,2021/12/6 17:45
70.1,0.372995151,2021/12/6 17:45
70,0.372995151,2021/12/6 17:45
70.1,0.373552484,2021/12/6 17:45
70.4,0.373692078,2021/12/6 17:45
70.6,0.373831776,2021/12/6 17:45
70.7,0.373692078,2021/12/6 17:45
70.6,0.374391614,2021/12/6 17:45
70.4,0.374601999,2021/12/6 17:45
69.7,0.374391614,2021/12/6 17:45
69,0.375093773,2021/12/6 17:45
68.4,0.375093773,2021/12/6 17:45
68,0.375093773,2021/12/6 17:45
67.7,0.375164148,2021/12/6 17:45
67.7,0.37593985,2021/12/6 17:46
67.8,0.375798572,2021/12/6 17:46
68,0.376364321,2021/12/6 17:46
68.2,0.376506024,2021/12/6 17:46
68.6,0.376506024,2021/12/6 17:46
69.3,0.376647888,2021/12/6 17:46
70.4,0.377358491,2021/12/6 17:46
71.6,0.377073906,2021/12/6 17:46
73,0.377786173,2021/12/6 17:46
74.2,0.377928949,2021/12/6 17:46
75,0.377928949,2021/12/6 17:46
75.4,0.377928949,2021/12/6 17:46
75.3,0.378501136,2021/12/6 17:46
75.2,0.378787879,2021/12/6 17:46
75,0.378787879,2021/12/6 17:46
75,0.379075057,2021/12/6 17:46
75,0.379218864,2021/12/6 17:46
75.1,0.379362671,2021/12/6 17:46
75,0.379362671,2021/12/6 17:46
74.6,0.37993921,2021/12/6 17:46
74,0.37993921,2021/12/6 17:46
73.3,0.37993921,2021/12/6 17:46
72.7,0.380372765,2021/12/6 17:46
72.1,0.380228137,2021/12/6 17:46
71.5,0.380517504,2021/12/6 17:46
71,0.380807312,2021/12/6 17:46
70.4,0.380807312,2021/12/6 17:46
69.5,0.380807312,2021/12/6 17:46
68.8,0.381388253,2021/12/6 17:46
68.2,0.381097561,2021/12/6 17:46
68,0.381388253,2021/12/6 17:46
67.9,0.381679389,2021/12/6 17:46
68,0.38197097,2021/12/6 17:46
68.1,0.38197097,2021/12/6 17:46
68,0.382116928,2021/12/6 17:46
67.9,0.382555471,2021/12/6 17:46
68.2,0.382701875,2021/12/6 17:46
69.2,0.382701875,2021/12/6 17:46
71.1,0.382775134,2021/12/6 17:46
73.6,0.382701875,2021/12/6 17:46
76.3,0.383435583,2021/12/6 17:46
78.5,0.383582662,2021/12/6 17:46
79.7,0.383582662,2021/12/6 17:46
79.6,0.384098343,2021/12/6 17:46
78.4,0.384172109,2021/12/6 17:46
76.7,0.384172109,2021/12/6 17:46
75,0.384467512,2021/12/6 17:46
73.7,0.384763371,2021/12/6 17:46
73,0.384763371,2021/12/6 17:46
72.8,0.385059684,2021/12/6 17:46
72.7,0.385505069,2021/12/6 17:46
72.3,0.385653683,2021/12/6 17:46
71.7,0.385653683,2021/12/6 17:46
71,0.385802469,2021/12/6 17:46
70.4,0.386249517,2021/12/6 17:46
69.9,0.386249517,2021/12/6 17:46
69.8,0.386398764,2021/12/6 17:46
70.1,0.386473444,2021/12/6 17:46
70.4,0.386398764,2021/12/6 17:46
70.4,0.386996904,2021/12/6 17:46
70.4,0.387146787,2021/12/6 17:47
70.3,0.387296669,2021/12/6 17:47
70.4,0.387596899,2021/12/6 17:47
70.5,0.387897595,2021/12/6 17:47
71.1,0.387897595,2021/12/6 17:47
71.9,0.387972857,2021/12/6 17:47
72.7,0.388500389,2021/12/6 17:47
73.2,0.388500389,2021/12/6 17:47
73.4,0.388500389,2021/12/6 17:47
73.2,0.389105058,2021/12/6 17:47
72.7,0.38925652,2021/12/6 17:47
71.9,0.38925652,2021/12/6 17:47
71.2,0.389559797,2021/12/6 17:47
70.6,0.389863548,2021/12/6 17:47
70.4,0.389863548,2021/12/6 17:47
70.2,0.390320122,2021/12/6 17:47
70.2,0.390320122,2021/12/6 17:47
70.3,0.390625,2021/12/6 17:47
70.4,0.391006858,2021/12/6 17:47
70.3,0.391236307,2021/12/6 17:47
70.2,0.391236307,2021/12/6 17:47
70.2,0.391389492,2021/12/6 17:47
70.4,0.39184953,2021/12/6 17:47
70.6,0.392003196,2021/12/6 17:47
71.2,0.392156863,2021/12/6 17:47
71.9,0.392156863,2021/12/6 17:47
72.7,0.392156863,2021/12/6 17:47
73.2,0.392772977,2021/12/6 17:47
73.3,0.393081761,2021/12/6 17:47
73.2,0.392850143,2021/12/6 17:47
72.7,0.393236335,2021/12/6 17:47
71.9,0.393545848,2021/12/6 17:47
71.2,0.393933563,2021/12/6 17:47
70.6,0.394166338,2021/12/6 17:47
70.4,0.394321767,2021/12/6 17:47
70.2,0.394166338,2021/12/6 17:47
70.2,0.394321767,2021/12/6 17:47
70.3,0.394944708,2021/12/6 17:47
70.4,0.394866748,2021/12/6 17:47
70.2,0.39556962,2021/12/6 17:47
70.2,0.39556962,2021/12/6 17:47
70.2,0.39556962,2021/12/6 17:47
70.4,0.395647889,2021/12/6 17:47
70.5,0.396196513,2021/12/6 17:47
70.6,0.39627503,2021/12/6 17:47
70.6,0.396353547,2021/12/6 17:47
70.4,0.396667989,2021/12/6 17:47
69.7,0.39698293,2021/12/6 17:47
69,0.39698293,2021/12/6 17:47
68.3,0.397140588,2021/12/6 17:47
68,0.397614314,2021/12/6 17:47
68,0.397693394,2021/12/6 17:47
68.6,0.397772474,2021/12/6 17:47
69.4,0.39824771,2021/12/6 17:47
70.4,0.398406375,2021/12/6 17:47
70.9,0.398406375,2021/12/6 17:47
71.1,0.398406375,2021/12/6 17:47
70.9,0.398724083,2021/12/6 17:47
70.4,0.399042298,2021/12/6 17:47
69.7,0.399201597,2021/12/6 17:47
69.4,0.399201597,2021/12/6 17:48
69.6,0.399600416,2021/12/6 17:48
70.4,0.399840064,2021/12/6 17:48
71.2,0.399840064,2021/12/6 17:48
72.1,0.4,2021/12/6 17:48
72.7,0.400480577,2021/12/6 17:48
72.7,0.400641026,2021/12/6 17:48
72.1,0.400641026,2021/12/6 17:48
71.4,0.400641026,2021/12/6 17:48
70.7,0.401284109,2021/12/6 17:48
70.4,0.401284109,2021/12/6 17:48
70.3,0.401445203,2021/12/6 17:48
70.6,0.40192926,2021/12/6 17:48
70.4,0.402090873,2021/12/6 17:48
69.5,0.402333551,2021/12/6 17:48
68.2,0.402738623,2021/12/6 17:48
66.8,0.402738623,2021/12/6 17:48
65.7,0.403063281,2021/12/6 17:48
64.9,0.402819755,2021/12/6 17:48
64.7,0.403225806,2021/12/6 17:48
65,0.403551251,2021/12/6 17:48
65.7,0.403551251,2021/12/6 17:48
66.3,0.403795696,2021/12/6 17:48
67,0.404203719,2021/12/6 17:48
67.5,0.404203719,2021/12/6 17:48
68,0.404367165,2021/12/6 17:48
68.3,0.404694456,2021/12/6 17:48
68.3,0.405022276,2021/12/6 17:48
68.3,0.405022276,2021/12/6 17:48
68,0.405186452,2021/12/6 17:48
67.6,0.405515004,2021/12/6 17:48
67.3,0.405515004,2021/12/6 17:48
67.4,0.405515004,2021/12/6 17:48
68,0.406091387,2021/12/6 17:48
69,0.406173842,2021/12/6 17:48
70.4,0.406173842,2021/12/6 17:48
71.7,0.406834825,2021/12/6 17:48
72.7,0.406504065,2021/12/6 17:48
73.1,0.406504065,2021/12/6 17:48
73.1,0.407000407,2021/12/6 17:48
72.9,0.407331976,2021/12/6 17:48
72.7,0.407664085,2021/12/6 17:48
72.6,0.407830343,2021/12/6 17:48
72.6,0.407830343,2021/12/6 17:48
72.7,0.407830343,2021/12/6 17:48
72.7,0.408163265,2021/12/6 17:48
72.3,0.408496732,2021/12/6 17:48
71.8,0.408496732,2021/12/6 17:48
71,0.40891435,2021/12/6 17:48
70.4,0.408997955,2021/12/6 17:48
69.6,0.408997955,2021/12/6 17:48
69.1,0.409332788,2021/12/6 17:48
68.5,0.409668169,2021/12/6 17:48
68,0.409668169,2021/12/6 17:48
67.3,0.409836066,2021/12/6 17:48
66.6,0.410509031,2021/12/6 17:48
66,0.410424807,2021/12/6 17:48
65.7,0.410509031,2021/12/6 17:48
65.5,0.410677618,2021/12/6 17:48
65.5,0.410677618,2021/12/6 17:48
65.6,0.410677618,2021/12/6 17:49
65.7,0.411353353,2021/12/6 17:49
65.5,0.411353353,2021/12/6 17:49
65.4,0.411437993,2021/12/6 17:49
65.4,0.412031314,2021/12/6 17:49
65.7,0.412201154,2021/12/6 17:49
66.1,0.412201154,2021/12/6 17:49
66.8,0.412881916,2021/12/6 17:49
67.5,0.412881916,2021/12/6 17:49
68,0.412967187,2021/12/6 17:49
68.2,0.413393964,2021/12/6 17:49
68.2,0.413393964,2021/12/6 17:49
68.1,0.413736036,2021/12/6 17:49
68,0.41399298,2021/12/6 17:49
68,0.414250207,2021/12/6 17:49
68,0.414250207,2021/12/6 17:49
68.1,0.414421881,2021/12/6 17:49
68,0.414937759,2021/12/6 17:49
67.8,0.415110004,2021/12/6 17:49
67.6,0.415110004,2021/12/6 17:49
67.6,0.415110004,2021/12/6 17:49
68,0.415110004,2021/12/6 17:49
68.6,0.415627598,2021/12/6 17:49
69.3,0.415973378,2021/12/6 17:49
70,0.415973378,2021/12/6 17:49
70.4,0.416493128,2021/12/6 17:49
70.3,0.416493128,2021/12/6 17:49
70.2,0.416493128,2021/12/6 17:49
70.1,0.416493128,2021/12/6 17:49
70.4,0.417188152,2021/12/6 17:49
70.8,0.417188152,2021/12/6 17:49
71.6,0.417275211,2021/12/6 17:49
72.2,0.417710944,2021/12/6 17:49
72.7,0.418060201,2021/12/6 17:49
72.7,0.418060201,2021/12/6 17:49
72.6,0.418410042,2021/12/6 17:49
72.5,0.418410042,2021/12/6 17:49
72.7,0.418585182,2021/12/6 17:49
73,0.418935903,2021/12/6 17:49
73.3,0.419287212,2021/12/6 17:49
73.2,0.419287212,2021/12/6 17:49
72.7,0.419463087,2021/12/6 17:49
71.5,0.4199916,2021/12/6 17:49
70.1,0.4199916,2021/12/6 17:49
68.8,0.4199916,2021/12/6 17:49
68,0.420344683,2021/12/6 17:49
67.7,0.420344683,2021/12/6 17:49
67.9,0.420698359,2021/12/6 17:49
68.1,0.421052706,2021/12/6 17:49
68,0.420875421,2021/12/6 17:49
67.4,0.420875421,2021/12/6 17:49
66.5,0.421762969,2021/12/6 17:49
65.9,0.421762969,2021/12/6 17:49
65.7,0.422119038,2021/12/6 17:49
66,0.422208167,2021/12/6 17:49
66.8,0.422297297,2021/12/6 17:49
67.6,0.422297297,2021/12/6 17:49
68,0.423011844,2021/12/6 17:49
67.7,0.423190859,2021/12/6 17:49
67,0.423101352,2021/12/6 17:49
66.2,0.423190859,2021/12/6 17:50
65.7,0.423549343,2021/12/6 17:50
65.7,0.423908436,2021/12/6 17:50
66.2,0.423908436,2021/12/6 17:50
67.2,0.424268137,2021/12/6 17:50
68,0.423908436,2021/12/6 17:50
68.4,0.42462845,2021/12/6 17:50
68.3,0.424808836,2021/12/6 17:50
68.1,0.424899106,2021/12/6 17:50
68,0.425350915,2021/12/6 17:50
68.1,0.425350915,2021/12/6 17:50
68.7,0.425350915,2021/12/6 17:50
69.5,0.425803724,2021/12/6 17:50
70.4,0.42598511,2021/12/6 17:50
70.9,0.426075841,2021/12/6 17:50
71,0.426075841,2021/12/6 17:50
70.8,0.426439232,2021/12/6 17:50
70.4,0.426803244,2021/12/6 17:50
69.7,0.426803244,2021/12/6 17:50
69,0.426803244,2021/12/6 17:50
68.5,0.427350427,2021/12/6 17:50
68,0.427350427,2021/12/6 17:50
67.6,0.427715997,2021/12/6 17:50
67.4,0.427899016,2021/12/6 17:50
67.5,0.428265525,2021/12/6 17:50
68,0.428265525,2021/12/6 17:50
68.6,0.428632662,2021/12/6 17:50
69.3,0.428816467,2021/12/6 17:50
69.8,0.428816467,2021/12/6 17:50
69.9,0.429276689,2021/12/6 17:50
69.3,0.429276689,2021/12/6 17:50
68.3,0.42973786,2021/12/6 17:50
67.1,0.43001507,2021/12/6 17:50
66.1,0.43001507,2021/12/6 17:50
65.5,0.430385215,2021/12/6 17:50
65.6,0.43047783,2021/12/6 17:50
66.5,0.43047783,2021/12/6 17:50
68,0.430848772,2021/12/6 17:50
69.6,0.431313369,2021/12/6 17:50
71.1,0.431220354,2021/12/6 17:50
72.2,0.431499641,2021/12/6 17:50
72.7,0.431778929,2021/12/6 17:50
72.5,0.431965443,2021/12/6 17:50
71.9,0.431965443,2021/12/6 17:50
71.1,0.431965443,2021/12/6 17:50
69.6,0.432713111,2021/12/6 17:50
68.9,0.432713111,2021/12/6 17:50
68.4,0.433463372,2021/12/6 17:50
68,0.433275563,2021/12/6 17:50
67.6,0.433369468,2021/12/6 17:50
67.3,0.433651344,2021/12/6 17:50
67.4,0.434027778,2021/12/6 17:50
68,0.434027778,2021/12/6 17:50
68.9,0.434404865,2021/12/6 17:50
70.1,0.434027778,2021/12/6 17:50
71.5,0.434782609,2021/12/6 17:50
72.7,0.434971727,2021/12/6 17:50
73.4,0.434782609,2021/12/6 17:50
73.6,0.434971727,2021/12/6 17:50
73.3,0.435350457,2021/12/6 17:50
72.7,0.435350457,2021/12/6 17:51
71.9,0.43554007,2021/12/6 17:51
71.1,0.43554007,2021/12/6 17:51
70.6,0.43554007,2021/12/6 17:51
70.4,0.435919791,2021/12/6 17:51
70.2,0.4361099,2021/12/6 17:51
70.2,0.4361099,2021/12/6 17:51
70.2,0.436490615,2021/12/6 17:51
70.4,0.436490615,2021/12/6 17:51
70.3,0.436871997,2021/12/6 17:51
70.3,0.437062937,2021/12/6 17:51
70.3,0.437062937,2021/12/6 17:51
70.4,0.437445319,2021/12/6 17:51
70.3,0.437349682,2021/12/6 17:51
70.2,0.437636761,2021/12/6 17:51
70.2,0.438020149,2021/12/6 17:51
70.4,0.438020149,2021/12/6 17:51
70.5,0.438020149,2021/12/6 17:51
70.9,0.438596491,2021/12/6 17:51
71.6,0.438596491,2021/12/6 17:51
72.7,0.438596491,2021/12/6 17:51
73.9,0.438788943,2021/12/6 17:51
75.1,0.438788943,2021/12/6 17:51
76.4,0.438596491,2021/12/6 17:51
77.4,0.439174352,2021/12/6 17:51
77.9,0.439174352,2021/12/6 17:51
78.1,0.439367311,2021/12/6 17:51
77.9,0.439753738,2021/12/6 17:51
77.4,0.439753738,2021/12/6 17:51
76.5,0.439947206,2021/12/6 17:51
75.4,0.439947206,2021/12/6 17:51
74.1,0.440722785,2021/12/6 17:51
72.7,0.440334654,2021/12/6 17:51
71.2,0.440722785,2021/12/6 17:51
69.8,0.440722785,2021/12/6 17:51
68.7,0.440917108,2021/12/6 17:51
68,0.440722785,2021/12/6 17:51
67.6,0.441306267,2021/12/6 17:51
67.5,0.441501104,2021/12/6 17:51
67.7,0.441501104,2021/12/6 17:51
68,0.441891295,2021/12/6 17:51
68.3,0.441501104,2021/12/6 17:51
68.8,0.442086649,2021/12/6 17:51
69.5,0.442086649,2021/12/6 17:51
70.4,0.442086649,2021/12/6 17:51
71.4,0.442477876,2021/12/6 17:51
72.6,0.442673749,2021/12/6 17:51
73.8,0.442869883,2021/12/6 17:51
75,0.443066017,2021/12/6 17:51
75.9,0.443066017,2021/12/6 17:51
76.6,0.443655723,2021/12/6 17:51
77.1,0.443459067,2021/12/6 17:51
77.4,0.443754182,2021/12/6 17:51
77.4,0.443852641,2021/12/6 17:51
77.4,0.444049821,2021/12/6 17:51
77.4,0.444444444,2021/12/6 17:51
77.4,0.444839858,2021/12/6 17:51
77.5,0.444444444,2021/12/6 17:51
77.9,0.445037828,2021/12/6 17:51
78.7,0.445434298,2021/12/6 17:51
79.7,0.445037828,2021/12/6 17:52
80.8,0.445434298,2021/12/6 17:52
81.7,0.445632799,2021/12/6 17:52
82.2,0.44603033,2021/12/6 17:52
82.1,0.44603033,2021/12/6 17:52
81.2,0.446627959,2021/12/6 17:52
80,0.446627959,2021/12/6 17:52
78.6,0.446827525,2021/12/6 17:52
77.4,0.446827525,2021/12/6 17:52
76.4,0.446827525,2021/12/6 17:52
75.8,0.447427293,2021/12/6 17:52
75.4,0.447427293,2021/12/6 17:52
75,0.447427293,2021/12/6 17:52
74.5,0.448028674,2021/12/6 17:52
73.8,0.448229584,2021/12/6 17:52
73.1,0.448430493,2021/12/6 17:52
72.7,0.448430493,2021/12/6 17:52
72.6,0.448631673,2021/12/6 17:52
73,0.448631673,2021/12/6 17:52
73.9,0.449034576,2021/12/6 17:52
75,0.449034576,2021/12/6 17:52
76.1,0.449236298,2021/12/6 17:52
76.9,0.449640288,2021/12/6 17:52
77.4,0.449842555,2021/12/6 17:52
77.4,0.449842555,2021/12/6 17:52
77,0.449842555,2021/12/6 17:52
76.3,0.449842555,2021/12/6 17:52
75.7,0.450247636,2021/12/6 17:52
75,0.45045045,2021/12/6 17:52
74.4,0.45045045,2021/12/6 17:52
73.8,0.450958309,2021/12/6 17:52
73.3,0.45045045,2021/12/6 17:52
72.7,0.451059991,2021/12/6 17:52
72,0.451059991,2021/12/6 17:52
71.2,0.451059991,2021/12/6 17:52
70.7,0.451263538,2021/12/6 17:52
70.4,0.451875282,2021/12/6 17:52
70.3,0.451875282,2021/12/6 17:52
70.7,0.451875282,2021/12/6 17:52
71.5,0.451875282,2021/12/6 17:52
72.7,0.452488688,2021/12/6 17:52
73.9,0.452488688,2021/12/6 17:52
75.2,0.452693619,2021/12/6 17:52
76.4,0.452898551,2021/12/6 17:52
77.4,0.452898551,2021/12/6 17:52
78.1,0.452898551,2021/12/6 17:52
78.7,0.453720508,2021/12/6 17:52
79.3,0.453514739,2021/12/6 17:52
79.7,0.453514739,2021/12/6 17:52
79.9,0.454132607,2021/12/6 17:52
80,0.454338937,2021/12/6 17:52
79.9,0.454132607,2021/12/6 17:52
79.7,0.454545455,2021/12/6 17:52
79.4,0.454338937,2021/12/6 17:52
79.3,0.454338937,2021/12/6 17:52
79.4,0.454959054,2021/12/6 17:52
79.7,0.454959054,2021/12/6 17:52
80.1,0.454959054,2021/12/6 17:52
80.4,0.455166136,2021/12/6 17:52
80.3,0.455580866,2021/12/6 17:52
79.7,0.455580866,2021/12/6 17:53
78.4,0.455788514,2021/12/6 17:53
76.6,0.455788514,2021/12/6 17:53
74.6,0.455788514,2021/12/6 17:53
72.6,0.455788514,2021/12/6 17:53
70.9,0.456412597,2021/12/6 17:53
69.5,0.456412597,2021/12/6 17:53
68.6,0.456412597,2021/12/6 17:53
68,0.456829603,2021/12/6 17:53
67.4,0.456412597,2021/12/6 17:53
66.7,0.457038391,2021/12/6 17:53
66.1,0.457247371,2021/12/6 17:53
65.7,0.457038391,2021/12/6 17:53
65.6,0.457247371,2021/12/6 17:53
66.2,0.457665904,2021/12/6 17:53
67.5,0.457561223,2021/12/6 17:53
69.5,0.457875458,2021/12/6 17:53
71.6,0.457875458,2021/12/6 17:53
74.7,0.458505273,2021/12/6 17:53
75,0.458505273,2021/12/6 17:53
74.3,0.458610435,2021/12/6 17:53
73,0.458715596,2021/12/6 17:53
71.5,0.458715596,2021/12/6 17:53
70.4,0.459136823,2021/12/6 17:53
69.7,0.459347726,2021/12/6 17:53
69.6,0.459347726,2021/12/6 17:53
69.9,0.459558921,2021/12/6 17:53
70.4,0.459347726,2021/12/6 17:53
70.3,0.460405157,2021/12/6 17:53
69.9,0.460405157,2021/12/6 17:53
69,0.460405157,2021/12/6 17:53
68,0.460405157,2021/12/6 17:53
67.1,0.461041955,2021/12/6 17:53
66.7,0.461041955,2021/12/6 17:53
67.1,0.461041955,2021/12/6 17:53
68,0.461254613,2021/12/6 17:53
69.1,0.461148284,2021/12/6 17:53
70,0.46136104,2021/12/6 17:53
70.5,0.461680615,2021/12/6 17:53
70.4,0.461893764,2021/12/6 17:53
69.6,0.461893764,2021/12/6 17:53
68.7,0.462107209,2021/12/6 17:53
68.1,0.462107209,2021/12/6 17:53
68,0.462320949,2021/12/6 17:53
68.5,0.46253469,2021/12/6 17:53
69.7,0.46253469,2021/12/6 17:53
71.2,0.46253469,2021/12/6 17:53
72.7,0.46253469,2021/12/6 17:53
73.8,0.462962963,2021/12/6 17:53
74.5,0.462962963,2021/12/6 17:53
74.8,0.46339203,2021/12/6 17:53
75,0.463606861,2021/12/6 17:53
75.3,0.46339203,2021/12/6 17:53
75.8,0.46339203,2021/12/6 17:53
76.5,0.463606861,2021/12/6 17:53
77.4,0.464037123,2021/12/6 17:53
78,0.464037123,2021/12/6 17:53
78.3,0.464252553,2021/12/6 17:53
78.1,0.464360369,2021/12/6 17:53
77.4,0.464468184,2021/12/6 17:53
76.2,0.464900046,2021/12/6 17:54
74.9,0.464900046,2021/12/6 17:54
73.7,0.464900046,2021/12/6 17:54
72.7,0.464900046,2021/12/6 17:54
71.9,0.465549348,2021/12/6 17:54
71.2,0.465116279,2021/12/6 17:54
70.8,0.465549348,2021/12/6 17:54
70.4,0.465549348,2021/12/6 17:54
69.8,0.465549348,2021/12/6 17:54
69.1,0.465983225,2021/12/6 17:54
68.5,0.465983225,2021/12/6 17:54
68,0.465983225,2021/12/6 17:54
67.6,0.46641791,2021/12/6 17:54
67.4,0.466635558,2021/12/6 17:54
67.6,0.466526734,2021/12/6 17:54
68,0.467071462,2021/12/6 17:54
68.5,0.467180591,2021/12/6 17:54
69.1,0.467071462,2021/12/6 17:54
69.7,0.467071462,2021/12/6 17:54
70.4,0.467398951,2021/12/6 17:54
70.9,0.467180591,2021/12/6 17:54
71.5,0.467945718,2021/12/6 17:54
72.1,0.467945718,2021/12/6 17:54
72.7,0.467508181,2021/12/6 17:54
73.1,0.467945718,2021/12/6 17:54
73.2,0.468164794,2021/12/6 17:54
73.1,0.468384178,2021/12/6 17:54
72.7,0.468603561,2021/12/6 17:54
72,0.468603561,2021/12/6 17:54
71.3,0.468933203,2021/12/6 17:54
70.7,0.469043152,2021/12/6 17:54
70.4,0.468713408,2021/12/6 17:54
70.1,0.469483568,2021/12/6 17:54
70.1,0.469043152,2021/12/6 17:54
70.2,0.469483568,2021/12/6 17:54
70.4,0.469704086,2021/12/6 17:54
70.5,0.469924812,2021/12/6 17:54
70.9,0.469924812,2021/12/6 17:54
71.7,0.470366886,2021/12/6 17:54
72.7,0.470145849,2021/12/6 17:54
73.7,0.470588235,2021/12/6 17:54
74.7,0.470588235,2021/12/6 17:54
75.2,0.470588235,2021/12/6 17:54
75,0.470809793,2021/12/6 17:54
74.1,0.471142547,2021/12/6 17:54
72.8,0.470809793,2021/12/6 17:54
71.4,0.471475719,2021/12/6 17:54
70.4,0.471253534,2021/12/6 17:54
69.7,0.471475719,2021/12/6 17:54
69.6,0.471698218,2021/12/6 17:54
69.9,0.471475719,2021/12/6 17:54
70.4,0.471920717,2021/12/6 17:54
70.6,0.472366556,2021/12/6 17:54
70.7,0.472143532,2021/12/6 17:54
70.5,0.472813239,2021/12/6 17:54
70.4,0.472366556,2021/12/6 17:54
70.1,0.472589898,2021/12/6 17:54
70.1,0.473036897,2021/12/6 17:54
70.2,0.473036897,2021/12/6 17:54
70.4,0.473036897,2021/12/6 17:54
70.4,0.473484848,2021/12/6 17:55
70.4,0.473596996,2021/12/6 17:55
70.4,0.473596996,2021/12/6 17:55
70.4,0.473709143,2021/12/6 17:55
70.3,0.473709143,2021/12/6 17:55
70.2,0.473821396,2021/12/6 17:55
70.3,0.474383302,2021/12/6 17:55
70.4,0.474383302,2021/12/6 17:55
70.3,0.474383302,2021/12/6 17:55
70.2,0.474608448,2021/12/6 17:55
70.2,0.474608448,2021/12/6 17:55
70.4,0.474608448,2021/12/6 17:55
70.6,0.474833808,2021/12/6 17:55
71.2,0.475285171,2021/12/6 17:55
71.9,0.475285171,2021/12/6 17:55
72.7,0.475398173,2021/12/6 17:55
73.2,0.475511175,2021/12/6 17:55
73.4,0.475398173,2021/12/6 17:55
73.2,0.475511175,2021/12/6 17:55
72.5,0.475737393,2021/12/6 17:55
71.3,0.475624284,2021/12/6 17:55
69.9,0.476190476,2021/12/6 17:55
68.8,0.476417342,2021/12/6 17:55
68,0.476190476,2021/12/6 17:55
67.5,0.476190476,2021/12/6 17:55
67.5,0.476530882,2021/12/6 17:55
67.7,0.476417342,2021/12/6 17:55
68,0.476644423,2021/12/6 17:55
68.1,0.477099237,2021/12/6 17:55
68.1,0.47687183,2021/12/6 17:55
68.1,0.477099237,2021/12/6 17:55
68,0.477554919,2021/12/6 17:55
67.9,0.477099237,2021/12/6 17:55
67.8,0.477440944,2021/12/6 17:55
67.9,0.477554919,2021/12/6 17:55
68,0.477554919,2021/12/6 17:55
68,0.477554919,2021/12/6 17:55
68,0.478011472,2021/12/6 17:55
68,0.478125774,2021/12/6 17:55
68,0.478240077,2021/12/6 17:55
67.8,0.478354488,2021/12/6 17:55
67.3,0.478698051,2021/12/6 17:55
66.6,0.478354488,2021/12/6 17:55
65.7,0.4784689,2021/12/6 17:55
64.5,0.479041944,2021/12/6 17:55
63.6,0.479156684,2021/12/6 17:55
63.1,0.479156684,2021/12/6 17:55
63.3,0.479386385,2021/12/6 17:55
64.1,0.479156684,2021/12/6 17:55
65.3,0.479156684,2021/12/6 17:55
66.8,0.479846449,2021/12/6 17:55
68.7,0.479846449,2021/12/6 17:55
68.8,0.480076812,2021/12/6 17:55
68.5,0.480076812,2021/12/6 17:55
68,0.480076812,2021/12/6 17:55
67.5,0.480884856,2021/12/6 17:55
67.2,0.480769231,2021/12/6 17:55
67.4,0.480769231,2021/12/6 17:55
68,0.481000481,2021/12/6 17:55
68.7,0.481000481,2021/12/6 17:55
69.4,0.481000481,2021/12/6 17:56
69.9,0.481231954,2021/12/6 17:56
70.4,0.481463761,2021/12/6 17:56
70.5,0.481695568,2021/12/6 17:56
70.4,0.481231954,2021/12/6 17:56
70.4,0.481927711,2021/12/6 17:56
70.4,0.481927711,2021/12/6 17:56
70.3,0.481927711,2021/12/6 17:56
70.3,0.482160077,2021/12/6 17:56
70.3,0.482625483,2021/12/6 17:56
70.4,0.482160077,2021/12/6 17:56
70.3,0.482858522,2021/12/6 17:56
70.3,0.482858522,2021/12/6 17:56
70.3,0.482858522,2021/12/6 17:56
70.4,0.483091787,2021/12/6 17:56
70.4,0.483558994,2021/12/6 17:56
70.4,0.483091787,2021/12/6 17:56
70.4,0.483558994,2021/12/6 17:56
70.4,0.484027106,2021/12/6 17:56
70,0.483792937,2021/12/6 17:56
69.4,0.483792937,2021/12/6 17:56
68.7,0.484730974,2021/12/6 17:56
68,0.484261501,2021/12/6 17:56
67.4,0.484261501,2021/12/6 17:56
67.2,0.484730974,2021/12/6 17:56
67.4,0.484730974,2021/12/6 17:56
68,0.484730974,2021/12/6 17:56
68.8,0.485201359,2021/12/6 17:56
69.5,0.485201359,2021/12/6 17:56
70.1,0.485201359,2021/12/6 17:56
70.4,0.485672657,2021/12/6 17:56
70,0.485908649,2021/12/6 17:56
69.4,0.485908649,2021/12/6 17:56
68.7,0.486144871,2021/12/6 17:56
68,0.486144871,2021/12/6 17:56
67.5,0.48602676,2021/12/6 17:56
67.3,0.486618005,2021/12/6 17:56
67.5,0.486618005,2021/12/6 17:56
68,0.486854917,2021/12/6 17:56
68.5,0.486854917,2021/12/6 17:56
69.2,0.486854917,2021/12/6 17:56
69.8,0.486854917,2021/12/6 17:56
70.4,0.487804878,2021/12/6 17:56
70.7,0.487329435,2021/12/6 17:56
70.8,0.487329435,2021/12/6 17:56
70.7,0.487804878,2021/12/6 17:56
70.4,0.487804878,2021/12/6 17:56
69.7,0.488162099,2021/12/6 17:56
69,0.48828125,2021/12/6 17:56
68.4,0.48828125,2021/12/6 17:56
68,0.48828125,2021/12/6 17:56
67.7,0.488758553,2021/12/6 17:56
67.7,0.488997555,2021/12/6 17:56
67.8,0.488997555,2021/12/6 17:56
68,0.489236791,2021/12/6 17:56
68,0.489236791,2021/12/6 17:56
68,0.489476378,2021/12/6 17:56
68,0.489955904,2021/12/6 17:56
68,0.489955904,2021/12/6 17:56
68,0.489955904,2021/12/6 17:56
68,0.490196078,2021/12/6 17:57
68.1,0.490196078,2021/12/6 17:57
68,0.490436488,2021/12/6 17:57
67.6,0.490918017,2021/12/6 17:57
67.1,0.490918017,2021/12/6 17:57
66.4,0.490918017,2021/12/6 17:57
65.7,0.491400491,2021/12/6 17:57
65.1,0.491400491,2021/12/6 17:57
64.8,0.491400491,2021/12/6 17:57
65,0.491642085,2021/12/6 17:57
65.7,0.492125984,2021/12/6 17:57
66.4,0.492368291,2021/12/6 17:57
67.1,0.492368291,2021/12/6 17:57
67.7,0.492368291,2021/12/6 17:57
68,0.492489564,2021/12/6 17:57
67.9,0.493096647,2021/12/6 17:57
67.8,0.492610837,2021/12/6 17:57
67.8,0.493218279,2021/12/6 17:57
68,0.493096647,2021/12/6 17:57
68.4,0.493096647,2021/12/6 17:57
69.1,0.493705288,2021/12/6 17:57
69.8,0.49382716,2021/12/6 17:57
70.4,0.493583416,2021/12/6 17:57
70.5,0.494315373,2021/12/6 17:57
70.5,0.494559842,2021/12/6 17:57
70.3,0.494559842,2021/12/6 17:57
70.4,0.494559842,2021/12/6 17:57
70.5,0.494804552,2021/12/6 17:57
71.1,0.494559842,2021/12/6 17:57
71.9,0.494804552,2021/12/6 17:57
72.7,0.495049505,2021/12/6 17:57
73.2,0.495540139,2021/12/6 17:57
73.4,0.495049505,2021/12/6 17:57
73.2,0.495785821,2021/12/6 17:57
72.7,0.496031746,2021/12/6 17:57
71.9,0.496031746,2021/12/6 17:57
71.1,0.496031746,2021/12/6 17:57
70.6,0.496031746,2021/12/6 17:57
70.4,0.496277916,2021/12/6 17:57
70.3,0.496770989,2021/12/6 17:57
70.3,0.496894441,2021/12/6 17:57
70.4,0.496894441,2021/12/6 17:57
70.4,0.497265042,2021/12/6 17:57
70,0.497141467,2021/12/6 17:57
69.4,0.497141467,2021/12/6 17:57
68.7,0.49776008,2021/12/6 17:57
68,0.49776008,2021/12/6 17:57
67.5,0.49776008,2021/12/6 17:57
67.3,0.498007968,2021/12/6 17:57
67.5,0.498256104,2021/12/6 17:57
68,0.498256104,2021/12/6 17:57
68.6,0.498504487,2021/12/6 17:57
69.3,0.498504487,2021/12/6 17:57
69.9,0.499251123,2021/12/6 17:57
70.4,0.498504487,2021/12/6 17:57
70.5,0.498504487,2021/12/6 17:57
70.4,0.498504487,2021/12/6 17:57
70.4,0.499251123,2021/12/6 17:57
70.4,0.499251123,2021/12/6 17:57
70.3,0.499251123,2021/12/6 17:57
70.3,0.4995005,2021/12/6 17:58
70.4,0.4995005,2021/12/6 17:58
70.4,0.4995005,2021/12/6 17:58
70,0.4995005,2021/12/6 17:58
69.5,0.499750125,2021/12/6 17:58
68.7,0.499875062,2021/12/6 17:58
68,0.5,2021/12/6 17:58
67.3,0.5,2021/12/6 17:58
67,0.5,2021/12/6 17:58
67.3,0.5,2021/12/6 17:58
68,0.500500501,2021/12/6 17:58
69.1,0.500751127,2021/12/6 17:58
70.3,0.500751127,2021/12/6 17:58
71.6,0.500751127,2021/12/6 17:58
72.7,0.500876565,2021/12/6 17:58
73.4,0.500751127,2021/12/6 17:58
74,0.501002004,2021/12/6 17:58
74.5,0.501127568,2021/12/6 17:58
75,0.501253133,2021/12/6 17:58
75.4,0.501253133,2021/12/6 17:58
75.6,0.501756147,2021/12/6 17:58
75.5,0.501756147,2021/12/6 17:58
75,0.501253133,2021/12/6 17:58
74,0.502008032,2021/12/6 17:58
71.4,0.502260171,2021/12/6 17:58
70.4,0.502260171,2021/12/6 17:58
69.5,0.502260171,2021/12/6 17:58
68.9,0.502260171,2021/12/6 17:58
68.4,0.503018109,2021/12/6 17:58
68,0.503271263,2021/12/6 17:58
67.4,0.503018109,2021/12/6 17:58
66.7,0.503271263,2021/12/6 17:58
66.1,0.503524673,2021/12/6 17:58
65.7,0.503271263,2021/12/6 17:58
65.4,0.503524673,2021/12/6 17:58
65.4,0.503651505,2021/12/6 17:58
65.5,0.503778338,2021/12/6 17:58
65.7,0.503778338,2021/12/6 17:58
65.6,0.503778338,2021/12/6 17:58
65.6,0.504286435,2021/12/6 17:58
65.6,0.503778338,2021/12/6 17:58
65.7,0.504540868,2021/12/6 17:58
65.7,0.504668213,2021/12/6 17:58
65.8,0.504540868,2021/12/6 17:58
65.8,0.504795558,2021/12/6 17:58
65.7,0.504795558,2021/12/6 17:58
65.3,0.504795558,2021/12/6 17:58
65.1,0.50530571,2021/12/6 17:58
65.2,0.50530571,2021/12/6 17:58
65.7,0.50530571,2021/12/6 17:58
66.4,0.505816894,2021/12/6 17:58
67.2,0.50530571,2021/12/6 17:58
67.8,0.505944884,2021/12/6 17:58
68,0.506072874,2021/12/6 17:58
67.6,0.506072874,2021/12/6 17:58
66.8,0.506072874,2021/12/6 17:58
66,0.506329114,2021/12/6 17:58
65.7,0.506329114,2021/12/6 17:58
65.7,0.506329114,2021/12/6 17:58
66.3,0.506585613,2021/12/6 17:58
67.2,0.507099391,2021/12/6 17:59
68,0.507099391,2021/12/6 17:59
68.4,0.507099391,2021/12/6 17:59
68.5,0.507356672,2021/12/6 17:59
68.3,0.507099391,2021/12/6 17:59
68,0.507743115,2021/12/6 17:59
67.7,0.507614213,2021/12/6 17:59
67.6,0.507614213,2021/12/6 17:59
67.8,0.507872016,2021/12/6 17:59
68,0.507872016,2021/12/6 17:59
68.1,0.507872016,2021/12/6 17:59
68.1,0.508001049,2021/12/6 17:59
68.1,0.508130081,2021/12/6 17:59
68,0.50838854,2021/12/6 17:59
67.9,0.508646999,2021/12/6 17:59
67.8,0.508646999,2021/12/6 17:59
67.9,0.508646999,2021/12/6 17:59
68,0.508646999,2021/12/6 17:59
68,0.509164969,2021/12/6 17:59
68,0.50942435,2021/12/6 17:59
68,0.50942435,2021/12/6 17:59
68,0.50942435,2021/12/6 17:59
67.9,0.50942435,2021/12/6 17:59
67.9,0.50942435,2021/12/6 17:59
67.9,0.50942435,2021/12/6 17:59
68,0.509683996,2021/12/6 17:59
68.2,0.510204082,2021/12/6 17:59
68.6,0.510204082,2021/12/6 17:59
69.3,0.510334302,2021/12/6 17:59
70.4,0.510204082,2021/12/6 17:59
71.5,0.510464523,2021/12/6 17:59
72.8,0.51072523,2021/12/6 17:59
74.1,0.510594876,2021/12/6 17:59
75,0.51072523,2021/12/6 17:59
75.4,0.510986203,2021/12/6 17:59
75,0.510986203,2021/12/6 17:59
74.1,0.510986203,2021/12/6 17:59
72.7,0.511247444,2021/12/6 17:59
71,0.511509085,2021/12/6 17:59
69.5,0.511770727,2021/12/6 17:59
68.5,0.511770727,2021/12/6 17:59
68,0.511770727,2021/12/6 17:59
67.9,0.511770727,2021/12/6 17:59
68,0.51203277,2021/12/6 17:59
68.1,0.511770727,2021/12/6 17:59
68,0.51203277,2021/12/6 17:59
67.5,0.512295082,2021/12/6 17:59
66.7,0.512295082,2021/12/6 17:59
66.1,0.512557663,2021/12/6 17:59
65.7,0.512295082,2021/12/6 17:59
65.5,0.512557663,2021/12/6 17:59
65.5,0.512557663,2021/12/6 17:59
65.7,0.512557663,2021/12/6 17:59
65.7,0.513347023,2021/12/6 17:59
65.3,0.513347023,2021/12/6 17:59
64.6,0.513347023,2021/12/6 17:59
63.9,0.513874615,2021/12/6 17:59
63.3,0.513610683,2021/12/6 17:59
62.7,0.513610683,2021/12/6 17:59
62.2,0.513874615,2021/12/6 17:59
61.6,0.513874615,2021/12/6 18:00
61,0.514138817,2021/12/6 18:00
60.1,0.514403292,2021/12/6 18:00
59.3,0.514138817,2021/12/6 18:00
58.7,0.514138817,2021/12/6 18:00
58.6,0.514933059,2021/12/6 18:00
58.9,0.514933059,2021/12/6 18:00
59.6,0.514933059,2021/12/6 18:00
60.4,0.515198351,2021/12/6 18:00
61,0.515198351,2021/12/6 18:00
61.2,0.515065705,2021/12/6 18:00
61.1,0.515729758,2021/12/6 18:00
60.9,0.515463918,2021/12/6 18:00
61,0.515596838,2021/12/6 18:00
61.2,0.515729758,2021/12/6 18:00
61.8,0.515729758,2021/12/6 18:00
62.6,0.515729758,2021/12/6 18:00
63.3,0.515995872,2021/12/6 18:00
63.6,0.516528926,2021/12/6 18:00
63.6,0.516528926,2021/12/6 18:00
63.5,0.516528926,2021/12/6 18:00
63.3,0.516795866,2021/12/6 18:00
63.3,0.516528926,2021/12/6 18:00
63.7,0.516795866,2021/12/6 18:00
64.6,0.517063082,2021/12/6 18:00
65.7,0.517063082,2021/12/6 18:00
66.7,0.517330574,2021/12/6 18:00
67.5,0.517330574,2021/12/6 18:00
68,0.517330574,2021/12/6 18:00
68,0.517330574,2021/12/6 18:00
67.5,0.517598344,2021/12/6 18:00
66.8,0.51786639,2021/12/6 18:00
66.1,0.517464459,2021/12/6 18:00
65.7,0.51786639,2021/12/6 18:00
65.5,0.518403318,2021/12/6 18:00
65.9,0.51786639,2021/12/6 18:00
66.8,0.51786639,2021/12/6 18:00
68,0.518672199,2021/12/6 18:00
69.1,0.518672199,2021/12/6 18:00
70,0.518806779,2021/12/6 18:00
70.4,0.51894136,2021/12/6 18:00
70.4,0.51894136,2021/12/6 18:00
69.7,0.51894136,2021/12/6 18:00
69,0.51934566,2021/12/6 18:00
68.3,0.519480519,2021/12/6 18:00
68,0.51894136,2021/12/6 18:00
67.9,0.519480519,2021/12/6 18:00
68,0.519480519,2021/12/6 18:00
68.1,0.519480519,2021/12/6 18:00
68,0.520291363,2021/12/6 18:00
67.5,0.51975052,2021/12/6 18:00
66.8,0.520291363,2021/12/6 18:00
66.1,0.520426785,2021/12/6 18:00
65.7,0.520426785,2021/12/6 18:00
65.6,0.520291363,2021/12/6 18:00
66.1,0.520562207,2021/12/6 18:00
67,0.520833333,2021/12/6 18:00
68.7,0.521104742,2021/12/6 18:00
68.9,0.520833333,2021/12/6 18:00
68.7,0.521104742,2021/12/6 18:00
68,0.521104742,2021/12/6 18:01
67.1,0.521648409,2021/12/6 18:01
66.2,0.521240588,2021/12/6 18:01
65.7,0.521648409,2021/12/6 18:01
65.7,0.522193211,2021/12/6 18:01
65.9,0.521648409,2021/12/6 18:01
66.5,0.522193211,2021/12/6 18:01
67.2,0.52246604,2021/12/6 18:01
68,0.522193211,2021/12/6 18:01
68.6,0.522329626,2021/12/6 18:01
69.2,0.522739153,2021/12/6 18:01
69.7,0.522739153,2021/12/6 18:01
70.4,0.522739153,2021/12/6 18:01
70.9,0.523012552,2021/12/6 18:01
71.6,0.522739153,2021/12/6 18:01
72.2,0.523012552,2021/12/6 18:01
72.7,0.523012552,2021/12/6 18:01
72.7,0.523423223,2021/12/6 18:01
72.3,0.523560209,2021/12/6 18:01
71.4,0.523560209,2021/12/6 18:01
70.3,0.524109015,2021/12/6 18:01
69.1,0.523560209,2021/12/6 18:01
68.2,0.523560209,2021/12/6 18:01
67.8,0.524383849,2021/12/6 18:01
68,0.524383849,2021/12/6 18:01
68.6,0.524383849,2021/12/6 18:01
69.4,0.524658972,2021/12/6 18:01
70,0.524383849,2021/12/6 18:01
70.4,0.52452141,2021/12/6 18:01
70.1,0.524934383,2021/12/6 18:01
69.4,0.524934383,2021/12/6 18:01
68.7,0.525210084,2021/12/6 18:01
68,0.525210084,2021/12/6 18:01
67.4,0.525210084,2021/12/6 18:01
